section_id,pavement_type,delivered_dsr,delivered_cost,delivered_step,episode_scr,n_states,variant,base_type,seed
16_1010,flexible,1.0,38.08528409237947,3,1.0,21,full,flexible,0
04_1034,flexible,1.0,37.9710869609627,3,1.0,21,full,flexible,0
27_1085,flexible,1.0,38.012692049276026,3,1.0,21,full,flexible,0
12_1060,flexible,1.0,38.336437321955536,2,1.0,21,full,flexible,0
48_1076,flexible,1.0,38.039320750344736,3,1.0,21,full,flexible,0
48_0001,flexible,1.0,37.85704454970777,2,1.0,21,full,flexible,0
16_1010,flexible,1.0,37.10499466312536,3,1.0,21,full,flexible,1
04_1034,flexible,1.0,37.142116043178376,3,1.0,21,full,flexible,1
27_1085,flexible,1.0,37.12842588083589,3,1.0,21,full,flexible,1
12_1060,flexible,1.0,37.44428106501854,3,1.0,21,full,flexible,1
48_1076,flexible,1.0,37.72555571334275,4,0.9523809523809523,21,full,flexible,1
48_0001,flexible,1.0,37.433203702217725,2,1.0,21,full,flexible,1
16_1010,flexible,1.0,37.68223662330076,10,1.0,21,full,flexible,2
04_1034,flexible,1.0,37.73839384720556,10,1.0,21,full,flexible,2
27_1085,flexible,1.0,37.71823671700267,10,1.0,21,full,flexible,2
12_1060,flexible,1.0,37.31623065834482,8,1.0,21,full,flexible,2
48_1076,flexible,1.0,37.77609354369273,9,1.0,21,full,flexible,2
48_0001,flexible,1.0,36.63344124429165,7,1.0,21,full,flexible,2
30_7076,semi_rigid,1.0,53.31540850983999,2,1.0,21,full,semi_rigid,0
04_1065,semi_rigid,1.0,53.39482914610954,2,1.0,21,full,semi_rigid,0
06_2004,semi_rigid,1.0,53.430063931854875,2,1.0,21,full,semi_rigid,0
27_2023,semi_rigid,1.0,53.452745607313936,2,1.0,21,full,semi_rigid,0
12_4097,semi_rigid,1.0,53.52573631978704,2,1.0,21,full,semi_rigid,0
48_1109,semi_rigid,1.0,53.410991047907025,2,1.0,21,full,semi_rigid,0
30_7076,semi_rigid,1.0,56.72664658216158,2,1.0,21,full,semi_rigid,1
04_1065,semi_rigid,1.0,56.74413460184868,2,1.0,21,full,semi_rigid,1
06_2004,semi_rigid,1.0,56.75472723827639,2,1.0,21,full,semi_rigid,1
27_2023,semi_rigid,1.0,56.76365453586173,2,1.0,21,full,semi_rigid,1
12_4097,semi_rigid,1.0,56.80010363425732,2,1.0,21,full,semi_rigid,1
48_1109,semi_rigid,1.0,56.74808028273542,2,1.0,21,full,semi_rigid,1
30_7076,semi_rigid,1.0,53.937516609257976,2,1.0,21,full,semi_rigid,2
04_1065,semi_rigid,1.0,54.01756711071275,2,1.0,21,full,semi_rigid,2
06_2004,semi_rigid,1.0,54.05042908495959,2,1.0,21,full,semi_rigid,2
27_2023,semi_rigid,1.0,54.069586685810435,2,1.0,21,full,semi_rigid,2
12_4097,semi_rigid,1.0,54.11133651521178,2,1.0,21,full,semi_rigid,2
48_1109,semi_rigid,1.0,54.03317990565816,2,1.0,21,full,semi_rigid,2
16_1010,flexible,1.0,38.66940977423722,3,0.6190476190476191,21,no-generator,flexible,0
04_1034,flexible,1.0,38.64728017933886,2,0.5714285714285714,21,no-generator,flexible,0
27_1085,flexible,1.0,38.683100331298455,2,0.5714285714285714,21,no-generator,flexible,0
12_1060,flexible,1.0,38.03072912486734,2,0.5238095238095238,21,no-generator,flexible,0
48_1076,flexible,1.0,38.488895863487244,2,0.5714285714285714,21,no-generator,flexible,0
48_0001,flexible,1.0,37.92558505669641,2,0.5714285714285714,21,no-generator,flexible,0
16_1010,flexible,1.0,38.50166882052941,6,1.0,21,no-generator,flexible,1
04_1034,flexible,1.0,38.56970591871114,6,0.9523809523809523,21,no-generator,flexible,1
27_1085,flexible,1.0,38.5450953403179,6,0.9523809523809523,21,no-generator,flexible,1
12_1060,flexible,1.0,38.211658149054195,5,0.9523809523809523,21,no-generator,flexible,1
48_1076,flexible,1.0,38.673429216025674,6,0.9523809523809523,21,no-generator,flexible,1
48_0001,flexible,1.0,37.32882957138454,4,1.0,21,no-generator,flexible,1
16_1010,flexible,1.0,38.459542660599105,10,1.0,21,no-generator,flexible,2
04_1034,flexible,1.0,38.55997484009274,10,1.0,21,no-generator,flexible,2
27_1085,flexible,1.0,38.52393831742446,10,1.0,21,no-generator,flexible,2
12_1060,flexible,1.0,37.63760363817002,7,1.0,21,no-generator,flexible,2
48_1076,flexible,1.0,38.58184336408647,9,1.0,21,no-generator,flexible,2
48_0001,flexible,1.0,36.35328990278334,5,1.0,21,no-generator,flexible,2
30_7076,semi_rigid,1.0,54.11315529211478,3,1.0,21,no-generator,semi_rigid,0
04_1065,semi_rigid,1.0,54.24573224597636,3,1.0,21,no-generator,semi_rigid,0
06_2004,semi_rigid,1.0,54.30620090381393,3,1.0,21,no-generator,semi_rigid,0
27_2023,semi_rigid,1.0,54.346013649140374,3,1.0,21,no-generator,semi_rigid,0
12_4097,semi_rigid,1.0,54.448744824525406,3,1.0,21,no-generator,semi_rigid,0
48_1109,semi_rigid,1.0,54.27279064457072,3,1.0,21,no-generator,semi_rigid,0
30_7076,semi_rigid,1.0,57.071666666666665,0,1.0,21,no-generator,semi_rigid,1
04_1065,semi_rigid,1.0,57.071666666666665,0,1.0,21,no-generator,semi_rigid,1
06_2004,semi_rigid,1.0,57.071666666666665,0,1.0,21,no-generator,semi_rigid,1
27_2023,semi_rigid,1.0,57.071666666666665,0,1.0,21,no-generator,semi_rigid,1
12_4097,semi_rigid,1.0,57.071666666666665,0,1.0,21,no-generator,semi_rigid,1
48_1109,semi_rigid,1.0,57.071666666666665,0,1.0,21,no-generator,semi_rigid,1
30_7076,semi_rigid,1.0,55.4224741286083,2,1.0,21,no-generator,semi_rigid,2
04_1065,semi_rigid,1.0,55.38430078495794,2,1.0,21,no-generator,semi_rigid,2
06_2004,semi_rigid,1.0,55.368656291426255,2,1.0,21,no-generator,semi_rigid,2
27_2023,semi_rigid,1.0,55.35958565910538,2,1.0,21,no-generator,semi_rigid,2
12_4097,semi_rigid,1.0,55.32218224380696,2,1.0,21,no-generator,semi_rigid,2
48_1109,semi_rigid,1.0,55.37645159911116,2,1.0,21,no-generator,semi_rigid,2
16_1010,flexible,1.0,38.57372985779392,4,1.0,21,no-rag,flexible,0
04_1034,flexible,1.0,38.58497795258522,4,1.0,21,no-rag,flexible,0
27_1085,flexible,1.0,38.5812099216734,4,1.0,21,no-rag,flexible,0
12_1060,flexible,1.0,38.30494504639091,4,1.0,21,no-rag,flexible,0
48_1076,flexible,1.0,38.59171521595351,4,1.0,21,no-rag,flexible,0
48_0001,flexible,1.0,37.438826957164856,4,1.0,21,no-rag,flexible,0
16_1010,flexible,1.0,41.989668597563835,1,0.7619047619047619,21,no-rag,flexible,1
04_1034,flexible,1.0,41.98516029547764,1,0.7619047619047619,21,no-rag,flexible,1
27_1085,flexible,1.0,41.98640852010552,1,0.7619047619047619,21,no-rag,flexible,1
12_1060,flexible,1.0,41.95379052825301,1,0.8095238095238095,21,no-rag,flexible,1
48_1076,flexible,1.0,41.98090319208691,1,0.7619047619047619,21,no-rag,flexible,1
48_0001,flexible,1.0,41.90818289944007,2,1.0,21,no-rag,flexible,1
16_1010,flexible,1.0,42.090694444444445,0,1.0,21,no-rag,flexible,2
04_1034,flexible,1.0,42.090694444444445,0,1.0,21,no-rag,flexible,2
27_1085,flexible,1.0,42.090694444444445,0,1.0,21,no-rag,flexible,2
12_1060,flexible,1.0,42.090694444444445,0,1.0,21,no-rag,flexible,2
48_1076,flexible,1.0,42.090694444444445,0,1.0,21,no-rag,flexible,2
48_0001,flexible,1.0,42.090694444444445,0,1.0,21,no-rag,flexible,2
30_7076,semi_rigid,1.0,54.38001505250668,3,1.0,21,no-rag,semi_rigid,0
04_1065,semi_rigid,1.0,54.497452742013415,3,1.0,21,no-rag,semi_rigid,0
06_2004,semi_rigid,1.0,54.550152404659116,3,1.0,21,no-rag,semi_rigid,0
27_2023,semi_rigid,1.0,54.584352714157106,3,1.0,21,no-rag,semi_rigid,0
12_4097,semi_rigid,1.0,54.67671148427336,3,1.0,21,no-rag,semi_rigid,0
48_1109,semi_rigid,1.0,54.52132338564886,3,1.0,21,no-rag,semi_rigid,0
30_7076,semi_rigid,1.0,56.64107188645063,3,1.0,21,no-rag,semi_rigid,1
04_1065,semi_rigid,1.0,56.6554877273452,3,1.0,21,no-rag,semi_rigid,1
06_2004,semi_rigid,1.0,56.66483482472152,3,1.0,21,no-rag,semi_rigid,1
27_2023,semi_rigid,1.0,56.672915935715544,3,1.0,21,no-rag,semi_rigid,1
12_4097,semi_rigid,1.0,56.70145010027323,3,1.0,21,no-rag,semi_rigid,1
48_1109,semi_rigid,1.0,56.658864362230375,3,1.0,21,no-rag,semi_rigid,1
30_7076,semi_rigid,1.0,53.062973286472634,2,1.0,21,no-rag,semi_rigid,2
04_1065,semi_rigid,1.0,53.11810464708382,2,1.0,21,no-rag,semi_rigid,2
06_2004,semi_rigid,1.0,53.14099697867792,2,1.0,21,no-rag,semi_rigid,2
27_2023,semi_rigid,1.0,53.15454337832888,2,1.0,21,no-rag,semi_rigid,2
12_4097,semi_rigid,1.0,53.1899786608134,2,1.0,21,no-rag,semi_rigid,2
48_1109,semi_rigid,1.0,53.12900351094653,2,1.0,21,no-rag,semi_rigid,2
16_1010,flexible,1.0,41.90163296527723,4,1.0,21,no-guard,flexible,0
04_1034,flexible,1.0,41.89011470904216,4,1.0,21,no-guard,flexible,0
27_1085,flexible,1.0,41.89444024827754,4,1.0,21,no-guard,flexible,0
12_1060,flexible,1.0,41.46466572303896,11,1.0,21,no-guard,flexible,0
48_1076,flexible,1.0,41.865095528351915,5,1.0,21,no-guard,flexible,0
48_0001,flexible,1.0,40.17485372540957,12,1.0,21,no-guard,flexible,0
16_1010,flexible,1.0,41.30707612195685,5,0.2857142857142857,21,no-guard,flexible,1
04_1034,flexible,1.0,41.32098939645711,5,0.2857142857142857,21,no-guard,flexible,1
27_1085,flexible,1.0,41.315488524601115,5,0.2857142857142857,21,no-guard,flexible,1
12_1060,flexible,1.0,40.74416183842093,10,1.0,21,no-guard,flexible,1
48_1076,flexible,1.0,41.35454207089971,5,0.2857142857142857,21,no-guard,flexible,1
48_0001,flexible,1.0,41.807780829875654,10,1.0,21,no-guard,flexible,1
16_1010,flexible,1.0,42.090694444444445,0,0.47619047619047616,21,no-guard,flexible,2
04_1034,flexible,1.0,42.090694444444445,0,0.47619047619047616,21,no-guard,flexible,2
27_1085,flexible,1.0,42.090694444444445,0,0.47619047619047616,21,no-guard,flexible,2
12_1060,flexible,1.0,42.090694444444445,0,0.42857142857142855,21,no-guard,flexible,2
48_1076,flexible,1.0,42.090694444444445,0,0.47619047619047616,21,no-guard,flexible,2
48_0001,flexible,1.0,42.090694444444445,0,0.38095238095238093,21,no-guard,flexible,2
30_7076,semi_rigid,1.0,55.36186084849385,5,1.0,21,no-guard,semi_rigid,0
04_1065,semi_rigid,1.0,55.56239899953839,4,1.0,21,no-guard,semi_rigid,0
06_2004,semi_rigid,1.0,55.5241373978131,4,1.0,21,no-guard,semi_rigid,0
27_2023,semi_rigid,1.0,55.497475077950014,4,1.0,21,no-guard,semi_rigid,0
12_4097,semi_rigid,1.0,55.410824539512824,4,1.0,21,no-guard,semi_rigid,0
48_1109,semi_rigid,1.0,55.545446464328386,4,1.0,21,no-guard,semi_rigid,0
30_7076,semi_rigid,1.0,53.431945161527395,9,1.0,21,no-guard,semi_rigid,1
04_1065,semi_rigid,1.0,53.390115443922326,9,1.0,21,no-guard,semi_rigid,1
06_2004,semi_rigid,1.0,53.37606309342078,9,1.0,21,no-guard,semi_rigid,1
27_2023,semi_rigid,1.0,53.36960412481305,9,1.0,21,no-guard,semi_rigid,1
12_4097,semi_rigid,1.0,53.366488973974214,9,1.0,21,no-guard,semi_rigid,1
48_1109,semi_rigid,1.0,53.38307318784077,9,1.0,21,no-guard,semi_rigid,1
30_7076,semi_rigid,1.0,49.74877434158558,13,1.0,21,no-guard,semi_rigid,2
04_1065,semi_rigid,1.0,49.697636192321724,12,1.0,21,no-guard,semi_rigid,2
06_2004,semi_rigid,1.0,49.62129863124852,12,1.0,21,no-guard,semi_rigid,2
27_2023,semi_rigid,1.0,49.55909259253785,12,1.0,21,no-guard,semi_rigid,2
12_4097,semi_rigid,1.0,49.249372003722996,12,1.0,21,no-guard,semi_rigid,2
48_1109,semi_rigid,1.0,49.665609464678674,12,1.0,21,no-guard,semi_rigid,2
