variant,pavement_type,seed,episode,n_steps,first_compliant_step,post_compliance_violations,guard_blocks,fea_calls,fea_to_first_compliant,final_feasible,reward_mean
full,flexible,0,0,20,1,11,9,11,1,False,0.21993013838181058
full,flexible,0,1,20,1,19,10,10,1,False,-0.03066801942957703
full,flexible,0,2,20,1,18,9,11,1,False,-0.055997014840390436
full,flexible,0,3,20,1,17,3,17,1,False,-0.019198191556349522
full,flexible,0,4,20,6,14,8,12,6,False,0.0773007078784863
full,flexible,0,5,20,1,16,7,13,1,False,0.12102111892782626
full,flexible,0,6,20,1,18,7,13,1,False,0.04786491455717323
full,flexible,0,7,20,15,1,7,13,11,False,0.09441567589894187
full,flexible,0,8,20,1,18,3,17,1,False,-0.021051517496445397
full,flexible,0,9,20,1,18,6,14,1,False,0.04190900647461711
full,flexible,0,10,20,1,1,4,16,1,True,0.6514132725141513
full,flexible,0,11,20,1,7,2,18,1,False,0.47859096220785313
full,flexible,0,12,20,1,18,5,15,1,False,-0.03268294697852049
full,flexible,0,13,20,1,2,5,15,1,False,0.56899280742547
full,flexible,0,14,20,1,6,8,12,1,True,0.3865289820595984
full,flexible,0,15,20,16,0,4,16,12,True,0.16162449991528496
full,flexible,0,16,20,1,19,8,12,1,False,-0.07942118144184952
full,flexible,0,17,20,20,0,3,17,17,True,0.03563702487595205
full,flexible,0,18,20,2,7,3,17,2,False,0.3923384020482456
full,flexible,0,19,20,1,11,6,14,1,False,0.3453278068463813
full,flexible,0,20,20,1,11,4,16,1,False,0.2326529254518214
full,flexible,0,21,20,1,13,7,13,1,False,0.19837550724841185
full,flexible,0,22,20,1,3,2,18,1,False,0.6731226464051794
full,flexible,0,23,20,1,6,4,16,1,True,0.5678174901953028
full,flexible,0,24,20,1,14,6,14,1,False,0.27353725023618425
full,flexible,0,25,20,3,4,7,13,3,True,0.4170850911960797
full,flexible,0,26,20,1,14,4,16,1,True,0.2242504565529364
full,flexible,0,27,20,1,7,0,20,1,True,0.5121803136145044
full,flexible,0,28,20,1,19,4,16,1,False,-0.017514344798396454
full,flexible,0,29,20,1,14,7,13,1,False,0.21301370969887948
full,flexible,0,30,20,1,12,7,13,1,False,0.11176808047393805
full,flexible,0,31,20,1,13,8,12,1,True,0.23972263344455014
full,flexible,0,32,20,1,16,4,16,1,False,-0.04059197574766486
full,flexible,0,33,20,1,17,9,11,1,False,0.10239644005157236
full,flexible,0,34,20,1,17,6,14,1,False,0.1260402571977404
full,flexible,0,35,20,1,1,1,19,1,True,0.7538452363162659
full,flexible,0,36,20,1,12,7,13,1,False,0.2376420521304679
full,flexible,0,37,20,1,15,6,14,1,False,0.07692437315114807
full,flexible,0,38,20,2,15,0,20,2,False,0.06675207178037337
full,flexible,0,39,20,1,2,2,18,1,True,0.6577158038445554
full,flexible,0,40,20,1,6,6,14,1,True,0.566510843127636
full,flexible,0,41,20,1,18,7,13,1,False,0.14481679854603174
full,flexible,0,42,20,1,13,0,20,1,True,0.21861142870006076
full,flexible,0,43,20,1,12,9,11,1,False,0.1992315290911295
full,flexible,0,44,20,1,18,9,11,1,False,0.08903321324075693
full,flexible,0,45,20,1,3,1,19,1,True,0.7049332484628253
full,flexible,0,46,20,1,11,3,17,1,False,0.26888498243209435
full,flexible,0,47,20,1,19,7,13,1,False,-0.06541186403787662
full,flexible,0,48,20,1,11,2,18,1,False,0.2417207255160109
full,flexible,0,49,20,3,6,2,18,3,False,0.4044844353504051
full,flexible,0,50,20,1,8,4,16,1,False,0.4670692523544927
full,flexible,0,51,4,1,0,0,4,1,True,0.8327936432816296
full,flexible,1,0,20,1,13,4,16,1,False,0.24462637961769085
full,flexible,1,1,20,1,12,2,18,1,False,0.2805249271559064
full,flexible,1,2,20,1,18,9,11,1,False,0.11739666049259094
full,flexible,1,3,20,1,16,9,11,1,False,0.10475572995945104
full,flexible,1,4,20,1,16,5,15,1,True,0.15790029489238144
full,flexible,1,5,20,1,7,6,14,1,True,0.41724530139120813
full,flexible,1,6,20,1,19,9,11,1,False,-0.11405284997655032
full,flexible,1,7,20,1,18,5,15,1,False,0.05463618263678466
full,flexible,1,8,20,1,16,6,14,1,False,0.01709142388285953
full,flexible,1,9,20,1,18,8,12,1,False,-0.08763105184828693
full,flexible,1,10,20,1,14,11,9,1,False,0.22288850355391188
full,flexible,1,11,20,1,7,6,14,1,False,0.41563005133390113
full,flexible,1,12,20,1,14,9,11,1,True,0.15746675027382376
full,flexible,1,13,20,1,17,6,14,1,False,0.03194573275704117
full,flexible,1,14,20,1,1,9,11,1,True,0.49635272275506087
full,flexible,1,15,20,11,6,3,17,9,True,0.13810973766524742
full,flexible,1,16,20,1,4,0,20,1,False,0.6435321611862974
full,flexible,1,17,20,1,5,3,17,1,True,0.4564465279153712
full,flexible,1,18,20,1,4,5,15,1,True,0.45865470754847965
full,flexible,1,19,20,1,0,7,13,1,True,0.6018713222355258
full,flexible,1,20,20,1,19,7,13,1,False,-0.020521595533822656
full,flexible,1,21,20,1,16,3,17,1,False,0.09794363805514314
full,flexible,1,22,20,1,16,6,14,1,False,-0.05857771971890101
full,flexible,1,23,20,1,17,7,13,1,False,-0.03783032899738089
full,flexible,1,24,20,1,5,4,16,1,False,0.53581913507137
full,flexible,1,25,20,1,17,10,10,1,False,0.16794018023335872
full,flexible,1,26,20,1,8,5,15,1,True,0.3782993993411602
full,flexible,1,27,20,1,9,1,19,1,False,0.47327164284573187
full,flexible,1,28,20,1,15,5,15,1,False,0.10006831327199257
full,flexible,1,29,20,1,0,7,13,1,True,0.59604126549037
full,flexible,1,30,20,1,2,8,12,1,False,0.4740853254049939
full,flexible,1,31,20,1,17,8,12,1,False,0.1409993264011639
full,flexible,1,32,20,1,4,4,16,1,True,0.5988828410490933
full,flexible,1,33,20,1,4,6,14,1,True,0.5300650226195994
full,flexible,1,34,20,1,14,5,15,1,False,0.23608855291712577
full,flexible,1,35,20,1,12,5,15,1,True,0.33343735074604663
full,flexible,1,36,20,1,14,5,15,1,False,0.2010556270478557
full,flexible,1,37,20,3,13,2,18,3,False,0.09364569415039378
full,flexible,1,38,20,,0,4,16,,False,-0.05799580380377234
full,flexible,1,39,20,1,7,1,19,1,True,0.4266754123815392
full,flexible,1,40,20,1,8,4,16,1,False,0.33644975453821135
full,flexible,1,41,20,1,13,12,8,1,False,0.05790488953153761
full,flexible,1,42,20,1,16,7,13,1,False,0.17999193047055603
full,flexible,1,43,20,1,18,12,8,1,False,0.03576039669506799
full,flexible,1,44,20,1,12,2,18,1,False,0.18536378745566287
full,flexible,1,45,20,1,6,8,12,1,False,0.32370167881756173
full,flexible,1,46,20,1,5,0,20,1,True,0.6184015165026128
full,flexible,1,47,20,1,16,10,10,1,False,0.10067490926906739
full,flexible,1,48,20,1,12,2,18,1,False,0.22581057632221327
full,flexible,1,49,20,1,18,7,13,1,False,-0.13178574174935115
full,flexible,1,50,20,1,1,10,10,1,True,0.463101729649654
full,flexible,1,51,4,1,0,0,4,1,True,0.8449712443036896
full,flexible,2,0,20,1,13,4,16,1,True,0.20453152089575113
full,flexible,2,1,20,1,14,1,19,1,False,0.17631948192301844
full,flexible,2,2,20,1,15,2,18,1,False,0.22063502734748308
full,flexible,2,3,20,1,19,12,8,1,False,-0.07621434958462699
full,flexible,2,4,20,2,3,10,10,2,False,0.3627305013961904
full,flexible,2,5,20,1,3,8,12,1,False,0.5258212704056376
full,flexible,2,6,20,1,19,10,10,1,False,-0.2170465450334606
full,flexible,2,7,20,1,15,6,14,1,False,0.11861746721382156
full,flexible,2,8,20,1,17,4,16,1,False,0.07961424801061986
full,flexible,2,9,20,1,13,7,13,1,False,0.2505073357188858
full,flexible,2,10,20,1,6,11,9,1,False,0.2862132522992176
full,flexible,2,11,20,1,16,6,14,1,False,0.1439660295440161
full,flexible,2,12,20,1,9,10,10,1,False,0.3166002022897564
full,flexible,2,13,20,1,1,6,14,1,True,0.5901370398802112
full,flexible,2,14,20,1,9,8,12,1,True,0.34532929275731905
full,flexible,2,15,20,1,16,11,9,1,False,0.07061339881740439
full,flexible,2,16,20,1,17,12,8,1,False,0.09129916145801897
full,flexible,2,17,20,1,5,6,14,1,True,0.5364063449728913
full,flexible,2,18,20,1,7,3,17,1,False,0.5152266501655408
full,flexible,2,19,20,1,16,6,14,1,False,0.03055016455425179
full,flexible,2,20,20,1,5,7,13,1,False,0.38145729603355744
full,flexible,2,21,20,1,7,10,10,1,False,0.3409411857976371
full,flexible,2,22,20,1,13,6,14,1,False,0.15921055120005445
full,flexible,2,23,20,1,17,4,16,1,False,0.04150440287330503
full,flexible,2,24,20,1,0,6,14,1,True,0.6191062178820548
full,flexible,2,25,20,1,10,2,18,1,False,0.34898933348528977
full,flexible,2,26,20,4,10,8,12,3,True,0.24499282614029427
full,flexible,2,27,20,1,19,13,7,1,False,0.02156503582911712
full,flexible,2,28,20,1,19,9,11,1,False,-0.12785771478682842
full,flexible,2,29,20,1,1,9,11,1,False,0.4726447002297932
full,flexible,2,30,20,1,0,11,9,1,True,0.3715124888364624
full,flexible,2,31,20,1,4,9,11,1,True,0.3798373365501764
full,flexible,2,32,20,1,17,9,11,1,False,-0.0123370001815039
full,flexible,2,33,20,18,2,7,13,11,False,0.04284865941753297
full,flexible,2,34,20,1,19,10,10,1,False,-0.08453779617754084
full,flexible,2,35,20,1,8,3,17,1,False,0.3458545549653744
full,flexible,2,36,20,1,15,5,15,1,False,0.13677123255305695
full,flexible,2,37,20,1,8,3,17,1,True,0.4411143307644855
full,flexible,2,38,20,7,12,10,10,5,False,0.13692948076163827
full,flexible,2,39,20,1,6,3,17,1,False,0.49534801543276313
full,flexible,2,40,20,2,16,9,11,2,False,-0.06870681768239187
full,flexible,2,41,20,1,19,8,12,1,False,0.1261182203971684
full,flexible,2,42,20,1,18,11,9,1,False,0.12192686453763327
full,flexible,2,43,20,1,13,5,15,1,False,0.24797463231343914
full,flexible,2,44,20,1,9,6,14,1,False,0.37143070993774735
full,flexible,2,45,20,1,19,13,7,1,False,0.0004203119378329651
full,flexible,2,46,20,1,12,8,12,1,False,0.25359314588675763
full,flexible,2,47,20,2,13,10,10,2,False,0.16463892006539604
full,flexible,2,48,20,1,16,7,13,1,False,0.030375926351688752
full,flexible,2,49,20,,0,9,11,,False,-0.058071857518284274
full,flexible,2,50,20,1,19,14,6,1,False,-0.23857392212468015
full,flexible,2,51,4,1,0,0,4,1,True,0.8037147541377355
full,semi_rigid,0,0,20,1,0,8,12,1,True,0.36685993751771295
full,semi_rigid,0,1,20,1,0,5,15,1,True,0.3035370371264227
full,semi_rigid,0,2,20,1,0,10,10,1,True,0.14977827181968922
full,semi_rigid,0,3,20,1,1,0,20,1,True,0.47764642949415925
full,semi_rigid,0,4,20,1,0,6,14,1,True,0.371937270421113
full,semi_rigid,0,5,20,1,0,0,20,1,True,0.585442591362349
full,semi_rigid,0,6,20,1,0,6,14,1,True,0.3396090991353715
full,semi_rigid,0,7,20,1,0,8,12,1,True,0.2799400820049809
full,semi_rigid,0,8,20,1,0,0,20,1,True,0.5515053839212135
full,semi_rigid,0,9,20,1,0,10,10,1,True,0.2110239369932355
full,semi_rigid,0,10,20,1,0,5,15,1,True,0.4154449602605032
full,semi_rigid,0,11,20,1,0,0,20,1,True,0.5758759236932403
full,semi_rigid,0,12,20,1,0,4,16,1,True,0.4535022795562621
full,semi_rigid,0,13,20,1,0,4,16,1,True,0.3758539300290324
full,semi_rigid,0,14,20,1,0,4,16,1,True,0.49001157842887466
full,semi_rigid,0,15,20,1,0,3,17,1,True,0.5172183191214603
full,semi_rigid,0,16,20,1,0,5,15,1,True,0.3829435374125977
full,semi_rigid,0,17,20,1,0,7,13,1,True,0.2938643398820452
full,semi_rigid,0,18,20,1,4,2,18,1,True,0.350673513899897
full,semi_rigid,0,19,20,1,0,1,19,1,True,0.5728675776943983
full,semi_rigid,0,20,20,1,4,2,18,1,True,0.40144698123189687
full,semi_rigid,0,21,20,1,0,1,19,1,True,0.6402633543273414
full,semi_rigid,0,22,20,1,0,4,16,1,True,0.41888531504958176
full,semi_rigid,0,23,20,1,0,3,17,1,True,0.4654835213861154
full,semi_rigid,0,24,20,1,0,3,17,1,True,0.4644070136756312
full,semi_rigid,0,25,20,1,0,4,16,1,True,0.47544329693669535
full,semi_rigid,0,26,20,1,0,4,16,1,True,0.37773714277412473
full,semi_rigid,0,27,20,1,0,2,18,1,True,0.4783152613788052
full,semi_rigid,0,28,20,1,0,0,20,1,True,0.6264438222074172
full,semi_rigid,0,29,20,1,0,2,18,1,True,0.4861661014284298
full,semi_rigid,0,30,20,1,4,5,15,1,False,0.23252485441156318
full,semi_rigid,0,31,20,1,0,5,15,1,True,0.4384013324132052
full,semi_rigid,0,32,20,1,11,6,14,1,False,0.06705919848569404
full,semi_rigid,0,33,20,1,0,7,13,1,True,0.3023117085983156
full,semi_rigid,0,34,20,1,0,1,19,1,True,0.6345764870177388
full,semi_rigid,0,35,20,1,0,0,20,1,True,0.6268461518598659
full,semi_rigid,0,36,20,1,5,4,16,1,False,0.2934882468354055
full,semi_rigid,0,37,20,1,1,3,17,1,False,0.4191559086923876
full,semi_rigid,0,38,20,1,0,1,19,1,True,0.5668428119830914
full,semi_rigid,0,39,20,1,0,3,17,1,True,0.47177076218022834
full,semi_rigid,0,40,20,1,0,2,18,1,True,0.5867780606010602
full,semi_rigid,0,41,20,1,0,3,17,1,True,0.491269648511674
full,semi_rigid,0,42,20,1,0,1,19,1,True,0.5294940046654186
full,semi_rigid,0,43,20,1,0,1,19,1,True,0.521551550422933
full,semi_rigid,0,44,20,1,0,1,19,1,True,0.6330529440376541
full,semi_rigid,0,45,20,1,0,0,20,1,True,0.6419178956681895
full,semi_rigid,0,46,20,1,0,4,16,1,True,0.4429146329915932
full,semi_rigid,0,47,20,1,0,5,15,1,True,0.43666868225494204
full,semi_rigid,0,48,20,1,2,3,17,1,False,0.37960815139609616
full,semi_rigid,0,49,20,1,0,3,17,1,True,0.5242894630013525
full,semi_rigid,0,50,20,1,0,1,19,1,True,0.5832854801702506
full,semi_rigid,0,51,4,1,0,0,4,1,True,0.6811523713135517
full,semi_rigid,1,0,20,1,0,5,15,1,True,0.3986606995338519
full,semi_rigid,1,1,20,1,4,4,16,1,False,0.38207512672243515
full,semi_rigid,1,2,20,1,0,5,15,1,True,0.44643104298843406
full,semi_rigid,1,3,20,1,0,2,18,1,True,0.548225193115033
full,semi_rigid,1,4,20,1,0,4,16,1,True,0.4772747134503558
full,semi_rigid,1,5,20,1,0,7,13,1,True,0.39362628360023205
full,semi_rigid,1,6,20,1,9,5,15,1,True,0.17181922695337795
full,semi_rigid,1,7,20,1,0,3,17,1,True,0.5849133985905686
full,semi_rigid,1,8,20,1,0,5,15,1,True,0.46403424887632444
full,semi_rigid,1,9,20,1,0,1,19,1,True,0.5517554003352494
full,semi_rigid,1,10,20,1,0,8,12,1,True,0.2773545883073686
full,semi_rigid,1,11,20,1,0,0,20,1,True,0.5896419402151394
full,semi_rigid,1,12,20,1,0,0,20,1,True,0.6607454790380727
full,semi_rigid,1,13,20,1,0,3,17,1,True,0.5635144450693639
full,semi_rigid,1,14,20,1,0,5,15,1,True,0.4837697793663193
full,semi_rigid,1,15,20,1,0,1,19,1,True,0.6606294268199956
full,semi_rigid,1,16,20,1,0,1,19,1,True,0.5456419341847077
full,semi_rigid,1,17,20,1,0,4,16,1,True,0.4673112562968301
full,semi_rigid,1,18,20,1,0,3,17,1,True,0.5756337118377287
full,semi_rigid,1,19,20,1,0,0,20,1,True,0.6355171240522266
full,semi_rigid,1,20,20,1,0,3,17,1,True,0.5137921182213537
full,semi_rigid,1,21,20,1,0,1,19,1,True,0.617291911449612
full,semi_rigid,1,22,20,1,0,5,15,1,True,0.3256606232640589
full,semi_rigid,1,23,20,1,6,3,17,1,False,0.28371248349785516
full,semi_rigid,1,24,20,1,0,1,19,1,True,0.6396329671599166
full,semi_rigid,1,25,20,1,0,11,9,1,True,0.298534138204683
full,semi_rigid,1,26,20,1,0,6,14,1,True,0.4339320909744506
full,semi_rigid,1,27,20,1,0,2,18,1,True,0.6137906135005433
full,semi_rigid,1,28,20,1,0,0,20,1,True,0.659093388442241
full,semi_rigid,1,29,20,1,0,4,16,1,True,0.48633004471628505
full,semi_rigid,1,30,20,1,0,3,17,1,True,0.5285471971186515
full,semi_rigid,1,31,20,1,0,3,17,1,True,0.5486994904643143
full,semi_rigid,1,32,20,1,0,2,18,1,True,0.5884440711207307
full,semi_rigid,1,33,20,1,0,0,20,1,True,0.6753677911286631
full,semi_rigid,1,34,20,1,0,4,16,1,True,0.5097706839674819
full,semi_rigid,1,35,20,1,0,7,13,1,True,0.46385982616094223
full,semi_rigid,1,36,20,1,0,3,17,1,True,0.509504216949208
full,semi_rigid,1,37,20,1,0,0,20,1,True,0.5896257991346056
full,semi_rigid,1,38,20,1,0,6,14,1,True,0.47368845963613315
full,semi_rigid,1,39,20,1,0,5,15,1,True,0.39902706514731545
full,semi_rigid,1,40,20,1,7,2,18,1,False,0.26305304792730066
full,semi_rigid,1,41,20,1,0,0,20,1,True,0.5588326832941499
full,semi_rigid,1,42,20,1,0,2,18,1,True,0.5254920206769644
full,semi_rigid,1,43,20,1,0,6,14,1,True,0.4870989573269213
full,semi_rigid,1,44,20,1,0,0,20,1,True,0.5978715697673425
full,semi_rigid,1,45,20,1,6,5,15,1,False,0.2605257556667716
full,semi_rigid,1,46,20,1,0,4,16,1,True,0.5100228467375323
full,semi_rigid,1,47,20,1,0,1,19,1,True,0.5229899728436695
full,semi_rigid,1,48,20,1,0,1,19,1,True,0.53717017568355
full,semi_rigid,1,49,20,1,0,5,15,1,True,0.3255614495762887
full,semi_rigid,1,50,20,1,0,9,11,1,True,0.310401045711007
full,semi_rigid,1,51,4,1,0,0,4,1,True,0.6804048731940133
full,semi_rigid,2,0,20,1,0,5,15,1,True,0.37285309693871005
full,semi_rigid,2,1,20,1,3,0,20,1,False,0.4506399972293823
full,semi_rigid,2,2,20,1,0,12,8,1,True,0.3046781284146193
full,semi_rigid,2,3,20,1,0,9,11,1,True,0.23013007658925771
full,semi_rigid,2,4,20,1,0,4,16,1,True,0.4668907848238241
full,semi_rigid,2,5,20,1,0,4,16,1,True,0.447393377394324
full,semi_rigid,2,6,20,1,12,12,8,1,False,-0.019611725145883184
full,semi_rigid,2,7,20,1,5,4,16,1,False,0.32842484757765356
full,semi_rigid,2,8,20,1,0,1,19,1,True,0.5654242529633962
full,semi_rigid,2,9,20,1,0,8,12,1,True,0.2667307021731618
full,semi_rigid,2,10,20,1,0,2,18,1,True,0.5244434955659406
full,semi_rigid,2,11,20,1,0,3,17,1,True,0.47848561804131295
full,semi_rigid,2,12,20,1,0,5,15,1,True,0.37826284424572715
full,semi_rigid,2,13,20,1,0,2,18,1,True,0.5259426715652664
full,semi_rigid,2,14,20,1,0,5,15,1,True,0.4186413606409161
full,semi_rigid,2,15,20,1,0,8,12,1,True,0.23128363251336262
full,semi_rigid,2,16,20,1,0,6,14,1,True,0.4054223137150159
full,semi_rigid,2,17,20,1,0,0,20,1,True,0.6496474421026532
full,semi_rigid,2,18,20,1,0,2,18,1,True,0.5183669260785749
full,semi_rigid,2,19,20,1,0,1,19,1,True,0.5265411609516097
full,semi_rigid,2,20,20,1,5,2,18,1,False,0.362968975364794
full,semi_rigid,2,21,20,1,0,0,20,1,True,0.6735232967693865
full,semi_rigid,2,22,20,1,0,0,20,1,True,0.5824018433165272
full,semi_rigid,2,23,20,1,0,3,17,1,True,0.46428010053054847
full,semi_rigid,2,24,20,1,0,3,17,1,True,0.5284182756592108
full,semi_rigid,2,25,20,1,0,0,20,1,True,0.6031248831252352
full,semi_rigid,2,26,20,1,0,2,18,1,True,0.6086550384774616
full,semi_rigid,2,27,20,1,0,4,16,1,True,0.48367591059672793
full,semi_rigid,2,28,20,1,0,1,19,1,True,0.5838011598348919
full,semi_rigid,2,29,20,1,0,4,16,1,True,0.4664890098824482
full,semi_rigid,2,30,20,1,0,1,19,1,True,0.6345651604188955
full,semi_rigid,2,31,20,1,0,4,16,1,True,0.5683119198730646
full,semi_rigid,2,32,20,1,0,2,18,1,True,0.5184659277892064
full,semi_rigid,2,33,20,1,0,2,18,1,True,0.6510497969853517
full,semi_rigid,2,34,20,1,3,0,20,1,False,0.45836527878773403
full,semi_rigid,2,35,20,1,1,2,18,1,False,0.4553368723818384
full,semi_rigid,2,36,20,1,0,1,19,1,True,0.5676199264667624
full,semi_rigid,2,37,20,1,0,4,16,1,True,0.42885599477683983
full,semi_rigid,2,38,20,1,0,10,10,1,True,0.3665431641452353
full,semi_rigid,2,39,20,1,0,1,19,1,True,0.5166327813639955
full,semi_rigid,2,40,20,1,0,0,20,1,True,0.5353791805251307
full,semi_rigid,2,41,20,1,0,1,19,1,True,0.6421500321379298
full,semi_rigid,2,42,20,1,0,2,18,1,True,0.5698801349515459
full,semi_rigid,2,43,20,1,0,0,20,1,True,0.6604025091243384
full,semi_rigid,2,44,20,1,0,0,20,1,True,0.6491679233180652
full,semi_rigid,2,45,20,1,0,3,17,1,True,0.46947014086164957
full,semi_rigid,2,46,20,1,0,2,18,1,True,0.5525035531124927
full,semi_rigid,2,47,20,1,0,3,17,1,True,0.5216530120458089
full,semi_rigid,2,48,20,1,0,0,20,1,True,0.5750167583245925
full,semi_rigid,2,49,20,1,0,0,20,1,True,0.6280354796768958
full,semi_rigid,2,50,20,1,0,8,12,1,True,0.2487856217476081
full,semi_rigid,2,51,4,1,0,0,4,1,True,0.6642078561692077
no_gen,flexible,0,0,20,1,9,10,10,1,False,0.3024125521598879
no_gen,flexible,0,1,20,1,5,9,11,1,True,0.3073139934363021
no_gen,flexible,0,2,20,1,18,11,9,1,False,-0.07905795747819772
no_gen,flexible,0,3,20,1,15,5,15,1,False,0.08732812507185406
no_gen,flexible,0,4,20,3,17,15,5,2,False,0.01520267685551708
no_gen,flexible,0,5,20,13,3,10,10,7,False,0.10378951845919453
no_gen,flexible,0,6,20,1,16,5,15,1,False,0.09581924711721992
no_gen,flexible,0,7,20,1,11,8,12,1,True,0.18515923034621426
no_gen,flexible,0,8,20,1,17,6,14,1,False,-0.10260595215061896
no_gen,flexible,0,9,20,1,11,8,12,1,False,0.19160504449544433
no_gen,flexible,0,10,20,1,1,4,16,1,True,0.6300217401923829
no_gen,flexible,0,11,20,1,6,5,15,1,True,0.48133235626564985
no_gen,flexible,0,12,20,1,3,5,15,1,True,0.5399846818550934
no_gen,flexible,0,13,20,1,2,6,14,1,True,0.511971137551497
no_gen,flexible,0,14,20,1,5,8,12,1,True,0.41800130022864523
no_gen,flexible,0,15,20,8,0,9,11,6,True,0.316663670508097
no_gen,flexible,0,16,20,1,10,7,13,1,True,0.28336783398308696
no_gen,flexible,0,17,20,16,4,8,12,10,False,0.061081486544477606
no_gen,flexible,0,18,20,1,1,6,14,1,True,0.5626268124669366
no_gen,flexible,0,19,20,1,1,3,17,1,True,0.6853095567330356
no_gen,flexible,0,20,20,1,9,4,16,1,False,0.3669909549418008
no_gen,flexible,0,21,20,14,6,8,12,8,False,-0.00010091515460057265
no_gen,flexible,0,22,20,1,5,4,16,1,False,0.5401311699398181
no_gen,flexible,0,23,20,3,10,5,15,3,False,0.2242617898171976
no_gen,flexible,0,24,20,1,10,7,13,1,True,0.337349923338535
no_gen,flexible,0,25,20,6,9,8,12,4,True,0.22062826580041425
no_gen,flexible,0,26,20,1,16,8,12,1,False,0.10283308971586916
no_gen,flexible,0,27,20,1,12,1,19,1,False,0.24597861775921812
no_gen,flexible,0,28,20,1,7,2,18,1,False,0.501548737805434
no_gen,flexible,0,29,20,1,9,4,16,1,True,0.402489548193212
no_gen,flexible,0,30,20,1,13,5,15,1,False,0.0734761347786633
no_gen,flexible,0,31,20,1,1,5,15,1,True,0.6268103967742438
no_gen,flexible,0,32,20,1,10,7,13,1,True,0.11179800672700227
no_gen,flexible,0,33,20,4,9,4,16,4,True,0.22847408367565328
no_gen,flexible,0,34,20,1,13,4,16,1,True,0.201256655124552
no_gen,flexible,0,35,20,1,11,1,19,1,False,0.32897109134350155
no_gen,flexible,0,36,20,1,13,7,13,1,False,0.10817646465509397
no_gen,flexible,0,37,20,1,13,8,12,1,False,0.10434671501801104
no_gen,flexible,0,38,20,2,14,2,18,2,False,0.13809866848303037
no_gen,flexible,0,39,20,1,4,3,17,1,True,0.5936612129045462
no_gen,flexible,0,40,20,1,8,5,15,1,False,0.4603707999636969
no_gen,flexible,0,41,20,1,8,9,11,1,True,0.3419226750900872
no_gen,flexible,0,42,20,1,12,3,17,1,False,0.2559433697235187
no_gen,flexible,0,43,20,1,2,9,11,1,True,0.4272567048428206
no_gen,flexible,0,44,20,1,12,5,15,1,False,0.29072521084301683
no_gen,flexible,0,45,20,1,7,3,17,1,False,0.44483362087654965
no_gen,flexible,0,46,20,1,8,5,15,1,False,0.3040211939379372
no_gen,flexible,0,47,20,1,16,9,11,1,False,0.14150876787112207
no_gen,flexible,0,48,20,1,16,5,15,1,False,-0.002683756890588934
no_gen,flexible,0,49,20,5,3,5,15,5,True,0.30023148387277365
no_gen,flexible,0,50,20,1,6,4,16,1,False,0.426841916482161
no_gen,flexible,0,51,4,1,0,0,4,1,True,0.8270611167230426
no_gen,flexible,1,0,20,1,9,5,15,1,False,0.400801902513534
no_gen,flexible,1,1,20,1,14,4,16,1,False,0.1826787546129907
no_gen,flexible,1,2,20,1,5,8,12,1,False,0.3675558676580517
no_gen,flexible,1,3,20,1,9,7,13,1,False,0.2921938808610506
no_gen,flexible,1,4,20,4,5,3,17,3,True,0.5095495895030154
no_gen,flexible,1,5,20,1,14,8,12,1,False,0.1725242479889562
no_gen,flexible,1,6,20,1,15,6,14,1,False,-0.012286550814477373
no_gen,flexible,1,7,20,1,14,8,12,1,False,0.24340496481411966
no_gen,flexible,1,8,20,3,11,2,18,3,False,0.23298237323457896
no_gen,flexible,1,9,20,1,1,7,13,1,True,0.5273322909561156
no_gen,flexible,1,10,20,1,16,14,6,1,False,0.20252020695392123
no_gen,flexible,1,11,20,1,0,9,11,1,True,0.4542150250960483
no_gen,flexible,1,12,20,1,6,7,13,1,True,0.43442678190251566
no_gen,flexible,1,13,20,1,8,2,18,1,False,0.5050533122638597
no_gen,flexible,1,14,20,1,0,13,7,1,True,0.37967786879136095
no_gen,flexible,1,15,20,8,1,2,18,7,True,0.4471149359537687
no_gen,flexible,1,16,20,1,3,4,16,1,True,0.5290829574702209
no_gen,flexible,1,17,20,1,2,10,10,1,True,0.361131077049164
no_gen,flexible,1,18,20,1,3,8,12,1,True,0.43977636354036953
no_gen,flexible,1,19,20,1,1,9,11,1,True,0.49490950411296464
no_gen,flexible,1,20,20,1,5,4,16,1,True,0.5302710751162903
no_gen,flexible,1,21,20,1,8,4,16,1,False,0.3654613422555579
no_gen,flexible,1,22,20,1,16,5,15,1,False,-0.04825836266440312
no_gen,flexible,1,23,20,1,9,5,15,1,False,0.3881681969617082
no_gen,flexible,1,24,20,1,0,4,16,1,True,0.6894373749836082
no_gen,flexible,1,25,20,1,15,14,6,1,False,0.25721645164804113
no_gen,flexible,1,26,20,1,1,4,16,1,True,0.6451670425256296
no_gen,flexible,1,27,20,1,8,1,19,1,False,0.47613775098504413
no_gen,flexible,1,28,20,1,5,7,13,1,True,0.36842576707896363
no_gen,flexible,1,29,20,1,5,3,17,1,True,0.5844677534853359
no_gen,flexible,1,30,20,1,5,6,14,1,False,0.45950261461644104
no_gen,flexible,1,31,20,1,6,9,11,1,True,0.35845914142054974
no_gen,flexible,1,32,20,1,2,6,14,1,True,0.579484302113163
no_gen,flexible,1,33,20,1,0,2,18,1,True,0.7630072283750264
no_gen,flexible,1,34,20,1,10,4,16,1,True,0.34647797684677795
no_gen,flexible,1,35,20,1,9,5,15,1,True,0.3241649941731047
no_gen,flexible,1,36,20,1,16,4,16,1,False,0.019385461504118788
no_gen,flexible,1,37,20,3,4,3,17,3,False,0.4929918976248053
no_gen,flexible,1,38,20,1,7,2,18,1,True,0.446140785261791
no_gen,flexible,1,39,20,1,13,7,13,1,False,0.14645005053828702
no_gen,flexible,1,40,20,1,11,4,16,1,False,0.13746141733885142
no_gen,flexible,1,41,20,1,5,4,16,1,False,0.5059619503324322
no_gen,flexible,1,42,20,1,5,10,10,1,True,0.3427471467552841
no_gen,flexible,1,43,20,1,7,7,13,1,True,0.4014241767808427
no_gen,flexible,1,44,20,2,13,5,15,2,False,0.13369393932935714
no_gen,flexible,1,45,20,1,13,5,15,1,False,0.08985238418000678
no_gen,flexible,1,46,20,1,5,1,19,1,True,0.5958730535797763
no_gen,flexible,1,47,20,1,11,5,15,1,False,0.32753214219835625
no_gen,flexible,1,48,20,1,11,3,17,1,True,0.29072597791560373
no_gen,flexible,1,49,20,1,7,3,17,1,True,0.37611187855896866
no_gen,flexible,1,50,20,1,0,11,9,1,True,0.45799294529142526
no_gen,flexible,1,51,4,1,1,0,4,1,False,0.6555356139221119
no_gen,flexible,2,0,20,1,15,7,13,1,False,0.055962384242651084
no_gen,flexible,2,1,20,1,6,6,14,1,True,0.38994419314326123
no_gen,flexible,2,2,20,,0,6,14,,False,-0.023713894568763473
no_gen,flexible,2,3,20,1,8,10,10,1,False,0.24397608186404257
no_gen,flexible,2,4,20,12,0,11,9,4,True,0.27975593009140576
no_gen,flexible,2,5,20,1,4,8,12,1,True,0.47720812955679337
no_gen,flexible,2,6,20,1,17,6,14,1,True,-0.013442242907506835
no_gen,flexible,2,7,20,1,7,7,13,1,False,0.3707558625027793
no_gen,flexible,2,8,20,1,11,8,12,1,False,0.28438772444492183
no_gen,flexible,2,9,20,1,8,8,12,1,True,0.30810167973422653
no_gen,flexible,2,10,20,1,0,11,9,1,True,0.4592819846186981
no_gen,flexible,2,11,20,1,11,4,16,1,True,0.35018568937328315
no_gen,flexible,2,12,20,1,9,9,11,1,True,0.30305549942960575
no_gen,flexible,2,13,20,1,0,13,7,1,True,0.4031964989922455
no_gen,flexible,2,14,20,1,4,7,13,1,True,0.4833436722438094
no_gen,flexible,2,15,20,1,15,9,11,1,False,0.20608413333345327
no_gen,flexible,2,16,20,4,14,10,10,3,False,0.15504448563762968
no_gen,flexible,2,17,20,1,11,8,12,1,True,0.3072333483062499
no_gen,flexible,2,18,20,1,9,3,17,1,True,0.4188435821575001
no_gen,flexible,2,19,20,1,10,5,15,1,False,0.2696223519134976
no_gen,flexible,2,20,20,1,10,7,13,1,False,0.1771036633808407
no_gen,flexible,2,21,20,1,12,9,11,1,False,0.22364185770770256
no_gen,flexible,2,22,20,1,10,1,19,1,False,0.3371716662832735
no_gen,flexible,2,23,20,1,11,3,17,1,True,0.3099545987529412
no_gen,flexible,2,24,20,1,7,7,13,1,True,0.32648567077411333
no_gen,flexible,2,25,20,1,9,5,15,1,False,0.31307995148772993
no_gen,flexible,2,26,20,10,7,11,9,5,True,0.10910057813078093
no_gen,flexible,2,27,20,1,19,14,6,1,False,0.002075559165526832
no_gen,flexible,2,28,20,1,7,4,16,1,False,0.3218438814116158
no_gen,flexible,2,29,20,1,1,12,8,1,False,0.38234341432002944
no_gen,flexible,2,30,20,1,10,9,11,1,True,0.2442951698025734
no_gen,flexible,2,31,20,3,9,8,12,3,True,0.2545089687188983
no_gen,flexible,2,32,20,1,14,4,16,1,False,0.08910785282904551
no_gen,flexible,2,33,20,19,0,11,9,9,True,0.029705238075309493
no_gen,flexible,2,34,20,1,18,3,17,1,False,-0.02426146032079311
no_gen,flexible,2,35,20,1,10,4,16,1,False,0.24675567473078402
no_gen,flexible,2,36,20,1,11,1,19,1,True,0.33539589163269307
no_gen,flexible,2,37,20,4,11,4,16,4,False,0.21694468578244663
no_gen,flexible,2,38,20,7,4,4,16,6,True,0.28666752782746335
no_gen,flexible,2,39,20,1,8,6,14,1,True,0.25344078385890606
no_gen,flexible,2,40,20,2,15,8,12,2,False,-0.010542354100129615
no_gen,flexible,2,41,20,1,10,4,16,1,False,0.3382551903017899
no_gen,flexible,2,42,20,1,17,6,14,1,False,0.10444141898600352
no_gen,flexible,2,43,20,6,6,5,15,5,False,0.215222749765609
no_gen,flexible,2,44,20,1,9,6,14,1,False,0.33135638883920865
no_gen,flexible,2,45,20,7,6,9,11,5,True,0.18072325792510674
no_gen,flexible,2,46,20,1,8,2,18,1,False,0.47453949111117427
no_gen,flexible,2,47,20,2,9,10,10,2,False,0.3120224061124554
no_gen,flexible,2,48,20,1,16,4,16,1,False,-0.020809927301997235
no_gen,flexible,2,49,20,4,2,8,12,3,True,0.39650124510847373
no_gen,flexible,2,50,20,1,16,10,10,1,False,0.08963384114404435
no_gen,flexible,2,51,4,1,0,1,3,1,True,0.670101074062802
no_gen,semi_rigid,0,0,20,1,0,8,12,1,True,0.376618428235388
no_gen,semi_rigid,0,1,20,1,4,3,17,1,True,0.35938758025800627
no_gen,semi_rigid,0,2,20,1,0,9,11,1,True,0.19534405313386588
no_gen,semi_rigid,0,3,20,1,0,2,18,1,True,0.5200801022646186
no_gen,semi_rigid,0,4,20,1,0,5,15,1,True,0.4963260303380344
no_gen,semi_rigid,0,5,20,1,0,0,20,1,True,0.6086154531817876
no_gen,semi_rigid,0,6,20,1,0,5,15,1,True,0.3647755998908048
no_gen,semi_rigid,0,7,20,1,0,10,10,1,True,0.21225040815639976
no_gen,semi_rigid,0,8,20,1,4,6,14,1,True,0.2689210349422685
no_gen,semi_rigid,0,9,20,1,0,5,15,1,True,0.4463188252206405
no_gen,semi_rigid,0,10,20,1,0,7,13,1,True,0.3950112124785735
no_gen,semi_rigid,0,11,20,1,0,0,20,1,True,0.5704139773036803
no_gen,semi_rigid,0,12,20,1,0,3,17,1,True,0.537185609351428
no_gen,semi_rigid,0,13,20,1,0,3,17,1,True,0.43072203184395264
no_gen,semi_rigid,0,14,20,1,0,3,17,1,True,0.5261286429013048
no_gen,semi_rigid,0,15,20,1,0,6,14,1,True,0.4116364920040055
no_gen,semi_rigid,0,16,20,1,0,4,16,1,True,0.4469369779070568
no_gen,semi_rigid,0,17,20,1,0,10,10,1,True,0.25164774982902366
no_gen,semi_rigid,0,18,20,1,0,5,15,1,True,0.37381352015423397
no_gen,semi_rigid,0,19,20,1,0,2,18,1,True,0.5413887547773284
no_gen,semi_rigid,0,20,20,1,1,1,19,1,True,0.5239702431116797
no_gen,semi_rigid,0,21,20,1,0,5,15,1,True,0.5307643395051167
no_gen,semi_rigid,0,22,20,1,0,6,14,1,True,0.3728742777195581
no_gen,semi_rigid,0,23,20,1,0,4,16,1,True,0.4440698880385991
no_gen,semi_rigid,0,24,20,1,0,6,14,1,True,0.438482819837427
no_gen,semi_rigid,0,25,20,1,0,4,16,1,True,0.4931121988684467
no_gen,semi_rigid,0,26,20,1,0,9,11,1,True,0.21494784441344422
no_gen,semi_rigid,0,27,20,1,0,4,16,1,True,0.4524275484341951
no_gen,semi_rigid,0,28,20,1,0,1,19,1,True,0.6112606167043723
no_gen,semi_rigid,0,29,20,1,0,6,14,1,True,0.3709078393376254
no_gen,semi_rigid,0,30,20,1,1,3,17,1,False,0.33701850007517187
no_gen,semi_rigid,0,31,20,1,0,7,13,1,True,0.3794920424640552
no_gen,semi_rigid,0,32,20,1,8,6,14,1,True,0.1457919656017253
no_gen,semi_rigid,0,33,20,1,0,6,14,1,True,0.3256163298291979
no_gen,semi_rigid,0,34,20,1,0,2,18,1,True,0.6009299182425801
no_gen,semi_rigid,0,35,20,1,0,3,17,1,True,0.47473744407942
no_gen,semi_rigid,0,36,20,1,5,5,15,1,False,0.2887235256547517
no_gen,semi_rigid,0,37,20,1,0,7,13,1,True,0.3118877681124409
no_gen,semi_rigid,0,38,20,1,0,5,15,1,True,0.37839410427347986
no_gen,semi_rigid,0,39,20,1,0,0,20,1,True,0.5425130690323379
no_gen,semi_rigid,0,40,20,1,0,9,11,1,True,0.36456782416438316
no_gen,semi_rigid,0,41,20,1,0,4,16,1,True,0.43412213990518955
no_gen,semi_rigid,0,42,20,1,0,1,19,1,True,0.5465719153512277
no_gen,semi_rigid,0,43,20,1,0,3,17,1,True,0.4590583666138337
no_gen,semi_rigid,0,44,20,1,0,3,17,1,True,0.5391113292892371
no_gen,semi_rigid,0,45,20,1,0,0,20,1,True,0.6399852227188799
no_gen,semi_rigid,0,46,20,1,0,4,16,1,True,0.43766765950722775
no_gen,semi_rigid,0,47,20,1,0,6,14,1,True,0.40291457095180744
no_gen,semi_rigid,0,48,20,1,5,4,16,1,False,0.256958537409969
no_gen,semi_rigid,0,49,20,1,0,3,17,1,True,0.5004308273906968
no_gen,semi_rigid,0,50,20,1,0,2,18,1,True,0.5524150658136977
no_gen,semi_rigid,0,51,4,1,0,0,4,1,True,0.6684690807886913
no_gen,semi_rigid,1,0,20,1,1,3,17,1,False,0.48499138762726224
no_gen,semi_rigid,1,1,20,1,0,3,17,1,True,0.501099201814646
no_gen,semi_rigid,1,2,20,1,0,7,13,1,True,0.40067431826604816
no_gen,semi_rigid,1,3,20,1,0,3,17,1,True,0.5632575451469283
no_gen,semi_rigid,1,4,20,1,0,5,15,1,True,0.5202184506592236
no_gen,semi_rigid,1,5,20,1,0,10,10,1,True,0.3535097403821396
no_gen,semi_rigid,1,6,20,1,9,5,15,1,True,0.164147809800925
no_gen,semi_rigid,1,7,20,1,0,9,11,1,True,0.4194866936869552
no_gen,semi_rigid,1,8,20,1,1,7,13,1,False,0.28657118558709704
no_gen,semi_rigid,1,9,20,1,0,0,20,1,True,0.5585049488932933
no_gen,semi_rigid,1,10,20,1,0,9,11,1,True,0.26733368613533826
no_gen,semi_rigid,1,11,20,1,0,2,18,1,True,0.5357732288659347
no_gen,semi_rigid,1,12,20,1,0,2,18,1,True,0.5619332915896348
no_gen,semi_rigid,1,13,20,1,0,4,16,1,True,0.5668015878155612
no_gen,semi_rigid,1,14,20,1,0,4,16,1,True,0.5047289333447643
no_gen,semi_rigid,1,15,20,1,0,5,15,1,True,0.5216418947968658
no_gen,semi_rigid,1,16,20,1,0,4,16,1,True,0.507990830294987
no_gen,semi_rigid,1,17,20,1,0,7,13,1,True,0.38867871459651276
no_gen,semi_rigid,1,18,20,1,0,4,16,1,True,0.5169180827987245
no_gen,semi_rigid,1,19,20,1,0,1,19,1,True,0.5662234972700162
no_gen,semi_rigid,1,20,20,1,0,2,18,1,True,0.5729291145888562
no_gen,semi_rigid,1,21,20,1,0,3,17,1,True,0.535066793233048
no_gen,semi_rigid,1,22,20,1,0,6,14,1,True,0.3105145178565284
no_gen,semi_rigid,1,23,20,1,0,0,20,1,True,0.5839882596094693
no_gen,semi_rigid,1,24,20,1,0,1,19,1,True,0.6193079132414729
no_gen,semi_rigid,1,25,20,1,0,11,9,1,True,0.27362898054335816
no_gen,semi_rigid,1,26,20,1,0,10,10,1,True,0.3021717687216485
no_gen,semi_rigid,1,27,20,1,0,1,19,1,True,0.6420263657070755
no_gen,semi_rigid,1,28,20,1,0,0,20,1,True,0.6636334095421252
no_gen,semi_rigid,1,29,20,1,0,4,16,1,True,0.5077266113854988
no_gen,semi_rigid,1,30,20,1,0,5,15,1,True,0.4366979658178608
no_gen,semi_rigid,1,31,20,1,0,6,14,1,True,0.4620372409740649
no_gen,semi_rigid,1,32,20,1,0,3,17,1,True,0.5267760732776492
no_gen,semi_rigid,1,33,20,1,0,2,18,1,True,0.5990230301087938
no_gen,semi_rigid,1,34,20,1,0,3,17,1,True,0.5509098991460095
no_gen,semi_rigid,1,35,20,1,0,11,9,1,True,0.31771192838405876
no_gen,semi_rigid,1,36,20,1,0,1,19,1,True,0.6410716818684639
no_gen,semi_rigid,1,37,20,1,0,4,16,1,True,0.469025807730514
no_gen,semi_rigid,1,38,20,1,0,5,15,1,True,0.4550817526246459
no_gen,semi_rigid,1,39,20,1,0,5,15,1,True,0.4243567750074229
no_gen,semi_rigid,1,40,20,1,0,4,16,1,True,0.44961816852378755
no_gen,semi_rigid,1,41,20,1,0,1,19,1,True,0.536457313441573
no_gen,semi_rigid,1,42,20,1,0,4,16,1,True,0.4925156910254188
no_gen,semi_rigid,1,43,20,1,0,7,13,1,True,0.4114148685722821
no_gen,semi_rigid,1,44,20,1,0,0,20,1,True,0.5921090999798809
no_gen,semi_rigid,1,45,20,1,0,1,19,1,True,0.5089954549910478
no_gen,semi_rigid,1,46,20,1,0,2,18,1,True,0.5849146635766668
no_gen,semi_rigid,1,47,20,1,0,3,17,1,True,0.4785116691437043
no_gen,semi_rigid,1,48,20,1,0,1,19,1,True,0.5662155869465841
no_gen,semi_rigid,1,49,20,1,0,5,15,1,True,0.32595603808786217
no_gen,semi_rigid,1,50,20,1,0,7,13,1,True,0.36142557466210645
no_gen,semi_rigid,1,51,4,1,0,0,4,1,True,0.6886785904251562
no_gen,semi_rigid,2,0,20,1,0,8,12,1,True,0.30206409888152985
no_gen,semi_rigid,2,1,20,1,0,0,20,1,True,0.6239409457254997
no_gen,semi_rigid,2,2,20,1,0,12,8,1,True,0.3380599189022385
no_gen,semi_rigid,2,3,20,1,0,8,12,1,True,0.3442832524678606
no_gen,semi_rigid,2,4,20,1,0,6,14,1,True,0.4275216787751515
no_gen,semi_rigid,2,5,20,1,0,4,16,1,True,0.4521492589530597
no_gen,semi_rigid,2,6,20,1,5,2,18,1,True,0.28802438298833183
no_gen,semi_rigid,2,7,20,1,1,2,18,1,True,0.4847916902709426
no_gen,semi_rigid,2,8,20,1,0,5,15,1,True,0.5068539909329064
no_gen,semi_rigid,2,9,20,1,0,5,15,1,True,0.4182522693582177
no_gen,semi_rigid,2,10,20,1,0,7,13,1,True,0.388190709940962
no_gen,semi_rigid,2,11,20,1,0,6,14,1,True,0.38872311791224406
no_gen,semi_rigid,2,12,20,1,4,3,17,1,True,0.37817969136488316
no_gen,semi_rigid,2,13,20,1,0,0,20,1,True,0.6290630788833715
no_gen,semi_rigid,2,14,20,1,0,6,14,1,True,0.4536746320046463
no_gen,semi_rigid,2,15,20,1,3,5,15,1,True,0.30498952171048666
no_gen,semi_rigid,2,16,20,1,0,5,15,1,True,0.4687743013271278
no_gen,semi_rigid,2,17,20,1,0,2,18,1,True,0.5607591727312611
no_gen,semi_rigid,2,18,20,1,0,2,18,1,True,0.5546180347270864
no_gen,semi_rigid,2,19,20,1,3,2,18,1,True,0.3581129894264613
no_gen,semi_rigid,2,20,20,1,5,2,18,1,False,0.3571913896984498
no_gen,semi_rigid,2,21,20,1,0,0,20,1,True,0.6713126019698341
no_gen,semi_rigid,2,22,20,1,0,0,20,1,True,0.560472236193204
no_gen,semi_rigid,2,23,20,1,5,6,14,1,True,0.27761590660668856
no_gen,semi_rigid,2,24,20,1,0,6,14,1,True,0.3658273420314627
no_gen,semi_rigid,2,25,20,1,2,2,18,1,False,0.4684708587940186
no_gen,semi_rigid,2,26,20,1,0,3,17,1,True,0.5465241371791707
no_gen,semi_rigid,2,27,20,1,0,6,14,1,True,0.4266265547074277
no_gen,semi_rigid,2,28,20,1,0,4,16,1,True,0.3904325014452361
no_gen,semi_rigid,2,29,20,1,0,6,14,1,True,0.3711526244158471
no_gen,semi_rigid,2,30,20,1,0,2,18,1,True,0.6229781851180008
no_gen,semi_rigid,2,31,20,1,0,4,16,1,True,0.5780554524020669
no_gen,semi_rigid,2,32,20,1,0,6,14,1,True,0.3596493607457886
no_gen,semi_rigid,2,33,20,1,0,8,12,1,True,0.46175749118533355
no_gen,semi_rigid,2,34,20,1,0,0,20,1,True,0.5565716140808568
no_gen,semi_rigid,2,35,20,1,0,2,18,1,True,0.48607621822837477
no_gen,semi_rigid,2,36,20,1,0,2,18,1,True,0.5387854601960725
no_gen,semi_rigid,2,37,20,1,0,3,17,1,True,0.5350316216389063
no_gen,semi_rigid,2,38,20,1,0,9,11,1,True,0.39617242799672
no_gen,semi_rigid,2,39,20,1,0,5,15,1,True,0.35454851503047724
no_gen,semi_rigid,2,40,20,1,1,4,16,1,False,0.357519668109182
no_gen,semi_rigid,2,41,20,1,0,2,18,1,True,0.5632638912103791
no_gen,semi_rigid,2,42,20,1,0,4,16,1,True,0.47700171266758434
no_gen,semi_rigid,2,43,20,1,0,1,19,1,True,0.5914120113383183
no_gen,semi_rigid,2,44,20,1,0,3,17,1,True,0.5433779213357448
no_gen,semi_rigid,2,45,20,1,0,5,15,1,True,0.3839630105026481
no_gen,semi_rigid,2,46,20,1,0,5,15,1,True,0.43720275231930306
no_gen,semi_rigid,2,47,20,1,0,5,15,1,True,0.4304822918838875
no_gen,semi_rigid,2,48,20,1,0,0,20,1,True,0.5729504371098402
no_gen,semi_rigid,2,49,20,1,0,2,18,1,True,0.5531006923851429
no_gen,semi_rigid,2,50,20,1,5,10,10,1,True,0.05703901204918125
no_gen,semi_rigid,2,51,4,1,0,0,4,1,True,0.6473879125309305
no_rag,flexible,0,0,40,1,9,15,25,2,True,0.4557104729012676
no_rag,flexible,0,1,40,1,17,18,22,2,True,0.22852171017436723
no_rag,flexible,0,2,40,1,37,23,17,2,False,-0.15015718087737126
no_rag,flexible,0,3,40,1,15,7,33,2,True,0.31860252512529275
no_rag,flexible,0,4,40,16,4,23,17,15,False,0.044955400498603235
no_rag,flexible,0,5,40,1,31,12,28,2,False,0.11025114760382777
no_rag,flexible,0,6,40,1,13,10,30,2,True,0.3610304387339053
no_rag,flexible,0,7,40,1,38,13,27,2,False,-0.10502655912114094
no_rag,flexible,0,8,40,1,34,13,27,2,True,-0.12588221446970851
no_rag,flexible,0,9,40,1,17,19,21,2,True,0.2656761114592868
no_rag,flexible,0,10,40,1,16,9,31,2,True,0.33588809600854136
no_rag,flexible,0,11,40,1,13,11,29,2,True,0.4010421929711989
no_rag,flexible,0,12,40,1,18,12,28,2,True,0.24112857022922926
no_rag,flexible,0,13,40,1,8,9,31,2,True,0.5147295288585256
no_rag,flexible,0,14,40,1,26,14,26,2,False,0.1957257247179157
no_rag,flexible,0,15,40,8,12,16,24,12,True,0.09532375533538176
no_rag,flexible,0,16,40,1,24,14,26,2,True,0.16751476890920142
no_rag,flexible,0,17,40,1,32,13,27,2,True,0.0658272343254462
no_rag,flexible,0,18,40,1,14,10,30,2,True,0.37056386257629503
no_rag,flexible,0,19,40,1,4,5,35,2,True,0.6525489304585357
no_rag,flexible,0,20,40,1,23,8,32,2,False,0.2161766861137681
no_rag,flexible,0,21,40,1,35,14,26,2,True,0.02462951621987309
no_rag,flexible,0,22,40,1,5,9,31,2,True,0.5548234408579351
no_rag,flexible,0,23,40,1,20,12,28,2,True,0.35851821042096244
no_rag,flexible,0,24,40,1,34,14,26,2,False,0.13834257458021912
no_rag,flexible,0,25,40,1,28,17,23,2,True,0.1713809353545634
no_rag,flexible,0,26,40,1,16,19,21,2,True,0.288400296538723
no_rag,flexible,0,27,40,1,10,3,37,2,True,0.5167452143600892
no_rag,flexible,0,28,40,1,25,7,33,2,True,0.2102044878053931
no_rag,flexible,0,29,40,1,13,18,22,2,True,0.318586764490599
no_rag,flexible,0,30,40,1,14,14,26,2,True,0.26822597548814964
no_rag,flexible,0,31,40,1,7,13,27,2,True,0.4674762537801319
no_rag,flexible,0,32,40,1,18,17,23,2,True,0.11292955426322271
no_rag,flexible,0,33,40,4,18,8,32,8,True,0.20779826309262273
no_rag,flexible,0,34,40,1,23,7,33,2,True,0.28609509057386295
no_rag,flexible,0,35,40,1,4,1,39,2,True,0.6737743650328287
no_rag,flexible,0,36,40,1,9,15,25,2,True,0.4002953418798819
no_rag,flexible,0,37,40,1,8,14,26,2,True,0.3653859508136019
no_rag,flexible,0,38,40,1,13,3,37,2,True,0.46356918611796
no_rag,flexible,0,39,40,1,0,4,36,2,True,0.721132897292063
no_rag,flexible,0,40,40,1,12,12,28,2,True,0.45047637033454196
no_rag,flexible,0,41,40,1,25,12,28,2,True,0.2115473033961281
no_rag,flexible,0,42,40,1,14,6,34,2,True,0.37760198733580425
no_rag,flexible,0,43,40,1,21,17,23,2,True,0.2094935274117819
no_rag,flexible,0,44,40,1,25,12,28,2,False,0.21491540679128426
no_rag,flexible,0,45,40,1,9,4,36,2,True,0.5383803878865592
no_rag,flexible,0,46,40,1,13,6,34,2,True,0.39937606924874325
no_rag,flexible,0,47,40,1,32,17,23,2,True,0.0008877358350144221
no_rag,flexible,0,48,40,3,27,9,31,6,False,-0.08103761183482001
no_rag,flexible,0,49,40,5,2,5,35,10,True,0.49964622844648704
no_rag,flexible,0,50,40,1,3,6,34,2,True,0.6261181668136284
no_rag,flexible,0,51,8,1,0,0,8,2,True,0.6925194278596507
no_rag,flexible,1,0,40,1,19,10,30,2,True,0.3670597910920269
no_rag,flexible,1,1,40,1,13,7,33,2,True,0.435994596106622
no_rag,flexible,1,2,40,1,7,15,25,2,True,0.43649037900503346
no_rag,flexible,1,3,40,1,22,13,27,2,True,0.25521527770038704
no_rag,flexible,1,4,40,4,3,5,35,6,True,0.587436670052784
no_rag,flexible,1,5,40,1,16,15,25,2,True,0.3211921347070571
no_rag,flexible,1,6,40,1,18,11,29,2,True,0.1348585079381376
no_rag,flexible,1,7,40,1,17,12,28,2,False,0.37976290020461867
no_rag,flexible,1,8,40,3,21,6,34,6,False,0.2806795145515452
no_rag,flexible,1,9,40,1,20,13,27,2,True,0.25381151923958145
no_rag,flexible,1,10,40,1,33,28,12,2,False,0.14520457628249828
no_rag,flexible,1,11,40,1,3,17,23,2,True,0.4165490267251011
no_rag,flexible,1,12,40,1,13,14,26,2,True,0.40593282851195395
no_rag,flexible,1,13,40,1,20,10,30,2,False,0.3952642368078726
no_rag,flexible,1,14,40,1,5,20,20,2,True,0.4069851349592308
no_rag,flexible,1,15,40,1,12,3,37,2,True,0.5258677167335
no_rag,flexible,1,16,40,1,10,5,35,2,True,0.4443029963403914
no_rag,flexible,1,17,40,1,3,17,23,2,True,0.36765406086814567
no_rag,flexible,1,18,40,1,7,15,25,2,True,0.4811706869513618
no_rag,flexible,1,19,40,1,16,13,27,2,True,0.28486501710585366
no_rag,flexible,1,20,40,1,15,6,34,2,True,0.41663722031902345
no_rag,flexible,1,21,40,1,11,8,32,2,True,0.4955962943346723
no_rag,flexible,1,22,40,1,17,8,32,2,True,0.19862960328114337
no_rag,flexible,1,23,40,1,8,15,25,2,True,0.4174433446981428
no_rag,flexible,1,24,40,1,5,7,33,2,True,0.6069956039484461
no_rag,flexible,1,25,40,1,12,21,19,2,True,0.3561016387972333
no_rag,flexible,1,26,40,1,16,12,28,2,True,0.3764346763703553
no_rag,flexible,1,27,40,1,15,5,35,2,True,0.4429178337674696
no_rag,flexible,1,28,40,1,17,11,29,2,True,0.26592928423585105
no_rag,flexible,1,29,40,1,12,15,25,2,True,0.41886336677871583
no_rag,flexible,1,30,40,1,16,14,26,2,True,0.3185087443520077
no_rag,flexible,1,31,40,1,4,19,21,2,True,0.43183447590067975
no_rag,flexible,1,32,40,1,4,10,30,2,True,0.5565045462683094
no_rag,flexible,1,33,40,1,10,12,28,2,True,0.4892617397828225
no_rag,flexible,1,34,40,1,23,10,30,2,True,0.2586024040104386
no_rag,flexible,1,35,40,1,24,5,35,2,True,0.28631494421093817
no_rag,flexible,1,36,40,1,16,14,26,2,True,0.2748941906938226
no_rag,flexible,1,37,40,1,4,6,34,2,True,0.5540893140480458
no_rag,flexible,1,38,40,1,17,6,34,2,True,0.3699575314201459
no_rag,flexible,1,39,40,1,13,14,26,2,True,0.280443502768478
no_rag,flexible,1,40,40,1,13,12,28,2,True,0.31878363896588646
no_rag,flexible,1,41,40,1,15,11,29,2,True,0.36205962167912825
no_rag,flexible,1,42,40,1,12,17,23,2,True,0.35275375934503883
no_rag,flexible,1,43,40,1,27,12,28,2,True,0.16584759547861946
no_rag,flexible,1,44,40,1,13,9,31,2,True,0.3536155839014684
no_rag,flexible,1,45,40,1,30,16,24,2,False,-0.1067479806735018
no_rag,flexible,1,46,40,1,11,4,36,2,True,0.524467001553695
no_rag,flexible,1,47,40,1,7,16,24,2,True,0.46107802514177615
no_rag,flexible,1,48,40,1,5,9,31,2,True,0.548006501781652
no_rag,flexible,1,49,40,1,36,7,33,2,False,-0.1694508398132053
no_rag,flexible,1,50,40,1,4,17,23,2,True,0.47098415010810407
no_rag,flexible,1,51,8,1,1,0,8,2,True,0.616037401357412
no_rag,flexible,2,0,40,1,14,10,30,2,True,0.39591828035409443
no_rag,flexible,2,1,40,1,27,14,26,2,False,0.0671003565740365
no_rag,flexible,2,2,40,,0,20,20,,False,-0.10835744606959033
no_rag,flexible,2,3,40,1,38,27,13,2,False,-0.19332292412640162
no_rag,flexible,2,4,40,,0,20,20,,False,-0.12385259510825794
no_rag,flexible,2,5,40,1,32,18,22,2,False,-0.05968693896001196
no_rag,flexible,2,6,40,1,38,20,20,2,False,-0.2158583328290046
no_rag,flexible,2,7,40,1,26,14,26,2,False,0.08365272183858906
no_rag,flexible,2,8,40,1,29,17,23,2,False,0.05164861275136952
no_rag,flexible,2,9,40,1,16,14,26,2,True,0.3012577744965958
no_rag,flexible,2,10,40,1,6,19,21,2,False,0.37591304643036916
no_rag,flexible,2,11,40,1,37,18,22,2,False,-0.1459958406118676
no_rag,flexible,2,12,40,1,21,16,24,2,False,0.2245573956616534
no_rag,flexible,2,13,40,1,0,20,20,2,True,0.4327156023513499
no_rag,flexible,2,14,40,1,34,16,24,2,False,-0.038035731132949474
no_rag,flexible,2,15,40,1,35,23,17,2,False,-0.14461058247313902
no_rag,flexible,2,16,40,1,30,18,22,2,False,-0.0272391136032841
no_rag,flexible,2,17,40,1,4,10,30,2,True,0.5972380460045142
no_rag,flexible,2,18,40,1,37,17,23,2,False,-0.1572278814261833
no_rag,flexible,2,19,40,1,14,15,25,2,True,0.35216693434256874
no_rag,flexible,2,20,28,1,19,11,17,2,False,-0.03223161966639365
no_rag,flexible,2,21,20,,0,13,7,,False,-0.30430843222283716
no_rag,flexible,2,22,20,,0,12,8,,False,-0.31058950926741163
no_rag,flexible,2,23,20,2,0,4,16,2,True,0.6402079676541403
no_rag,flexible,2,24,20,2,0,4,16,2,True,0.6418700570056977
no_rag,flexible,2,25,20,2,0,8,12,2,True,0.5148301547875326
no_rag,flexible,2,26,20,,0,13,7,,False,-0.29314014178653813
no_rag,flexible,2,27,20,2,7,10,10,2,False,0.299664175433012
no_rag,flexible,2,28,20,,0,10,10,,False,-0.3052375582777444
no_rag,flexible,2,29,20,,0,13,7,,False,-0.29774510076894506
no_rag,flexible,2,30,20,2,0,12,8,2,True,0.37280970904618843
no_rag,flexible,2,31,20,2,14,3,17,2,False,0.21385994168960862
no_rag,flexible,2,32,20,,0,12,8,,False,-0.29499956606397376
no_rag,flexible,2,33,20,2,0,8,12,2,True,0.5362516954931082
no_rag,flexible,2,34,20,,0,15,5,,False,-0.30448109168230847
no_rag,flexible,2,35,20,2,0,1,19,2,True,0.7279511736484428
no_rag,flexible,2,36,20,2,0,5,15,2,True,0.6040479462190428
no_rag,flexible,2,37,20,,0,15,5,,False,-0.32062594408322564
no_rag,flexible,2,38,20,2,8,3,17,2,True,0.388622560989918
no_rag,flexible,2,39,20,,0,12,8,,False,-0.29945106920005193
no_rag,flexible,2,40,20,,0,9,11,,False,-0.3129965936583692
no_rag,flexible,2,41,20,,0,15,5,,False,-0.2800872310160242
no_rag,flexible,2,42,20,,0,13,7,,False,-0.2977754523240181
no_rag,flexible,2,43,20,,0,9,11,,False,-0.29045443819083105
no_rag,flexible,2,44,20,,0,12,8,,False,-0.2997435632038518
no_rag,flexible,2,45,20,,0,14,6,,False,-0.2945539227239517
no_rag,flexible,2,46,20,2,0,3,17,2,True,0.6566098205201065
no_rag,flexible,2,47,20,,0,14,6,,False,-0.28777328002013913
no_rag,flexible,2,48,20,,0,11,9,,False,-0.3039545316301784
no_rag,flexible,2,49,20,2,0,5,15,2,True,0.6126159325782565
no_rag,flexible,2,50,20,,0,16,4,,False,-0.3186759876950849
no_rag,flexible,2,51,4,,0,0,4,,False,-0.268849038795701
no_rag,semi_rigid,0,0,40,1,0,14,26,2,True,0.41196810063825406
no_rag,semi_rigid,0,1,40,2,0,7,33,4,True,0.3879285938813626
no_rag,semi_rigid,0,2,40,2,0,15,25,4,True,0.20828847941375886
no_rag,semi_rigid,0,3,40,2,0,9,31,4,True,0.34614146805096024
no_rag,semi_rigid,0,4,40,2,0,11,29,3,True,0.38389147024602926
no_rag,semi_rigid,0,5,40,2,0,5,35,4,True,0.43968944098819396
no_rag,semi_rigid,0,6,40,2,0,9,31,4,True,0.32778601803298324
no_rag,semi_rigid,0,7,40,2,0,16,24,4,True,0.22013825844237117
no_rag,semi_rigid,0,8,40,2,0,8,32,4,True,0.3447628165677023
no_rag,semi_rigid,0,9,40,2,0,11,29,4,True,0.3671404271094051
no_rag,semi_rigid,0,10,40,2,0,7,33,4,True,0.4787725256915406
no_rag,semi_rigid,0,11,40,2,0,2,38,4,True,0.4942326701062485
no_rag,semi_rigid,0,12,40,2,0,5,35,4,True,0.44778261857717216
no_rag,semi_rigid,0,13,40,2,0,5,35,4,True,0.4068857929267902
no_rag,semi_rigid,0,14,40,2,0,6,34,3,True,0.46905623891122533
no_rag,semi_rigid,0,15,40,2,0,8,32,4,True,0.4401263570635733
no_rag,semi_rigid,0,16,40,2,0,7,33,4,True,0.4257348995108535
no_rag,semi_rigid,0,17,40,2,0,13,27,4,True,0.3275567158610072
no_rag,semi_rigid,0,18,40,2,0,8,32,4,True,0.3526301214235775
no_rag,semi_rigid,0,19,40,2,0,3,37,4,True,0.5250626045336219
no_rag,semi_rigid,0,20,40,2,0,1,39,4,True,0.48423863986132076
no_rag,semi_rigid,0,21,40,2,0,6,34,4,True,0.5283065897781384
no_rag,semi_rigid,0,22,40,2,0,6,34,4,True,0.4341693472404481
no_rag,semi_rigid,0,23,40,2,0,7,33,4,True,0.38566712723405044
no_rag,semi_rigid,0,24,40,2,0,8,32,4,True,0.45789164970662755
no_rag,semi_rigid,0,25,40,2,0,7,33,3,True,0.4219225350957956
no_rag,semi_rigid,0,26,40,2,0,13,27,4,True,0.240666988047384
no_rag,semi_rigid,0,27,40,2,0,4,36,4,True,0.44652744200431105
no_rag,semi_rigid,0,28,40,2,0,2,38,4,True,0.5686249618681127
no_rag,semi_rigid,0,29,40,2,0,8,32,4,True,0.3874641012823417
no_rag,semi_rigid,0,30,40,2,0,9,31,4,True,0.2937993162347606
no_rag,semi_rigid,0,31,40,2,0,7,33,4,True,0.4485154635514853
no_rag,semi_rigid,0,32,40,2,0,7,33,4,True,0.3117203008270952
no_rag,semi_rigid,0,33,40,2,0,11,29,4,True,0.2950322533686762
no_rag,semi_rigid,0,34,40,2,0,3,37,4,True,0.5580693198022086
no_rag,semi_rigid,0,35,40,2,0,3,37,4,True,0.50627487460923
no_rag,semi_rigid,0,36,40,2,0,4,36,4,True,0.4312544797753901
no_rag,semi_rigid,0,37,40,2,0,9,31,4,True,0.3739699575009163
no_rag,semi_rigid,0,38,40,2,0,8,32,4,True,0.36820434139616137
no_rag,semi_rigid,0,39,40,2,0,0,40,4,True,0.546471727156098
no_rag,semi_rigid,0,40,40,2,0,11,29,3,True,0.42576421971171835
no_rag,semi_rigid,0,41,40,2,0,14,26,4,True,0.3463101322867944
no_rag,semi_rigid,0,42,40,2,0,0,40,4,True,0.5584390171103703
no_rag,semi_rigid,0,43,40,2,0,4,36,4,True,0.4211306976386191
no_rag,semi_rigid,0,44,40,2,0,6,34,3,True,0.4687441381327512
no_rag,semi_rigid,0,45,40,2,0,1,39,4,True,0.6073221225558448
no_rag,semi_rigid,0,46,40,2,0,8,32,4,True,0.40189221495090094
no_rag,semi_rigid,0,47,40,2,0,8,32,4,True,0.43711433714724623
no_rag,semi_rigid,0,48,40,2,0,4,36,4,True,0.41779402248648856
no_rag,semi_rigid,0,49,40,2,0,8,32,4,True,0.4170056168015166
no_rag,semi_rigid,0,50,40,2,0,2,38,4,True,0.5488740722561386
no_rag,semi_rigid,0,51,8,2,0,0,8,4,True,0.4287745625736595
no_rag,semi_rigid,1,0,40,1,0,8,32,2,True,0.49862510975381563
no_rag,semi_rigid,1,1,40,2,0,3,37,4,True,0.4819803851400538
no_rag,semi_rigid,1,2,40,2,0,11,29,4,True,0.36245156744045576
no_rag,semi_rigid,1,3,40,2,0,5,35,4,True,0.5079498969134593
no_rag,semi_rigid,1,4,40,2,0,7,33,4,True,0.5017705804364307
no_rag,semi_rigid,1,5,40,2,0,9,31,4,True,0.409557890398347
no_rag,semi_rigid,1,6,40,2,0,9,31,4,True,0.2995225127137718
no_rag,semi_rigid,1,7,40,2,0,10,30,4,True,0.46839080303682773
no_rag,semi_rigid,1,8,40,2,0,8,32,4,True,0.40439527786773616
no_rag,semi_rigid,1,9,40,2,0,1,39,4,True,0.5012537637284789
no_rag,semi_rigid,1,10,40,2,0,15,25,4,True,0.24850982628668775
no_rag,semi_rigid,1,11,40,2,0,3,37,4,True,0.5103933847578395
no_rag,semi_rigid,1,12,40,2,0,6,34,4,True,0.4450404305129697
no_rag,semi_rigid,1,13,40,2,0,5,35,4,True,0.5212469791395983
no_rag,semi_rigid,1,14,40,2,4,10,30,3,True,0.4004942945242109
no_rag,semi_rigid,1,15,40,2,0,5,35,4,True,0.558266482878013
no_rag,semi_rigid,1,16,40,2,0,4,36,4,True,0.5184660485950874
no_rag,semi_rigid,1,17,40,2,0,10,30,4,True,0.3880958675544191
no_rag,semi_rigid,1,18,40,2,0,4,36,4,True,0.5466110319264725
no_rag,semi_rigid,1,19,40,2,0,1,39,4,True,0.5326928868361337
no_rag,semi_rigid,1,20,40,2,0,3,37,4,True,0.5334448479872759
no_rag,semi_rigid,1,21,40,2,0,5,35,4,True,0.5025387658999473
no_rag,semi_rigid,1,22,40,2,0,11,29,4,True,0.26839557457729857
no_rag,semi_rigid,1,23,40,2,0,2,38,4,True,0.4736808750507039
no_rag,semi_rigid,1,24,40,2,0,2,38,4,True,0.5594242131297678
no_rag,semi_rigid,1,25,40,2,0,20,20,4,True,0.22402999856987246
no_rag,semi_rigid,1,26,40,2,0,16,24,4,True,0.2836145703680855
no_rag,semi_rigid,1,27,40,2,0,2,38,4,True,0.574785493393059
no_rag,semi_rigid,1,28,40,2,0,0,40,4,True,0.60059184109253
no_rag,semi_rigid,1,29,40,2,0,7,33,4,True,0.4692927464533915
no_rag,semi_rigid,1,30,40,2,0,9,31,4,True,0.43183068059663554
no_rag,semi_rigid,1,31,40,2,0,11,29,4,True,0.4050517663917196
no_rag,semi_rigid,1,32,40,2,0,1,39,4,True,0.602822678955022
no_rag,semi_rigid,1,33,40,2,0,3,37,4,True,0.5781138231263603
no_rag,semi_rigid,1,34,40,2,0,8,32,4,True,0.47922242650221036
no_rag,semi_rigid,1,35,40,2,0,9,31,4,True,0.48331652360529215
no_rag,semi_rigid,1,36,40,2,0,2,38,4,True,0.5192325940929419
no_rag,semi_rigid,1,37,40,2,0,2,38,4,True,0.49730829719818914
no_rag,semi_rigid,1,38,40,2,0,6,34,4,True,0.504330569930316
no_rag,semi_rigid,1,39,40,2,0,5,35,4,True,0.44662815181475646
no_rag,semi_rigid,1,40,40,2,0,6,34,4,True,0.40955359049622186
no_rag,semi_rigid,1,41,40,2,0,2,38,4,True,0.4745966819225284
no_rag,semi_rigid,1,42,40,2,0,4,36,4,True,0.5044864126404563
no_rag,semi_rigid,1,43,40,2,0,10,30,4,True,0.4509901977523169
no_rag,semi_rigid,1,44,40,2,0,0,40,4,True,0.5537540160798213
no_rag,semi_rigid,1,45,40,2,0,3,37,4,True,0.4321527534119447
no_rag,semi_rigid,1,46,40,2,0,3,37,4,True,0.5727448270973463
no_rag,semi_rigid,1,47,40,2,0,3,37,4,True,0.4567341726002505
no_rag,semi_rigid,1,48,40,2,0,1,39,4,True,0.5205471194479608
no_rag,semi_rigid,1,49,40,2,0,4,36,4,True,0.4012867608521269
no_rag,semi_rigid,1,50,40,2,0,9,31,4,True,0.4148207278944075
no_rag,semi_rigid,1,51,8,2,0,0,8,4,True,0.42995948473775414
no_rag,semi_rigid,2,0,20,1,0,3,17,1,True,0.42869795741516115
no_rag,semi_rigid,2,1,20,2,0,5,15,2,True,0.38927954690043287
no_rag,semi_rigid,2,2,20,2,0,0,20,2,True,0.5934526850454687
no_rag,semi_rigid,2,3,20,2,0,7,13,2,True,0.3102484020309234
no_rag,semi_rigid,2,4,20,2,0,5,15,2,True,0.39367252267733793
no_rag,semi_rigid,2,5,20,2,0,4,16,2,True,0.3892959275714018
no_rag,semi_rigid,2,6,20,2,0,4,16,2,True,0.29309055538374607
no_rag,semi_rigid,2,7,20,2,0,3,17,2,True,0.4211719698963057
no_rag,semi_rigid,2,8,20,2,0,3,17,2,True,0.4921747449730224
no_rag,semi_rigid,2,9,20,2,0,4,16,2,True,0.35776249947352834
no_rag,semi_rigid,2,10,20,2,0,6,14,2,True,0.3958517859195119
no_rag,semi_rigid,2,11,20,2,0,2,18,2,True,0.49535243180100136
no_rag,semi_rigid,2,12,20,2,0,4,16,2,True,0.34959239165640327
no_rag,semi_rigid,2,13,20,2,0,1,19,2,True,0.5405010749814674
no_rag,semi_rigid,2,14,20,2,0,3,17,2,True,0.4927031502083959
no_rag,semi_rigid,2,15,20,2,0,5,15,2,True,0.2726044461320636
no_rag,semi_rigid,2,16,20,2,0,4,16,2,True,0.39559366417863495
no_rag,semi_rigid,2,17,20,2,0,1,19,2,True,0.5694392503166472
no_rag,semi_rigid,2,18,20,2,0,0,20,2,True,0.5425467888234261
no_rag,semi_rigid,2,19,20,2,0,1,19,2,True,0.5194279279789317
no_rag,semi_rigid,2,20,20,2,0,1,19,2,True,0.4766712559446896
no_rag,semi_rigid,2,21,20,2,0,1,19,2,True,0.5977579921350206
no_rag,semi_rigid,2,22,20,2,0,0,20,2,True,0.5932184592001836
no_rag,semi_rigid,2,23,20,2,0,2,18,2,True,0.4670656135789538
no_rag,semi_rigid,2,24,20,2,0,3,17,2,True,0.42854599049127734
no_rag,semi_rigid,2,25,20,2,0,0,20,2,True,0.5827498810156315
no_rag,semi_rigid,2,26,20,2,0,4,16,2,True,0.46103565895839826
no_rag,semi_rigid,2,27,20,2,0,2,18,2,True,0.5072640607805872
no_rag,semi_rigid,2,28,20,2,0,1,19,2,True,0.5632054703308124
no_rag,semi_rigid,2,29,20,2,0,4,16,2,True,0.443227346209364
no_rag,semi_rigid,2,30,20,2,0,3,17,2,True,0.5030849830629187
no_rag,semi_rigid,2,31,20,2,0,0,20,2,True,0.6442280160511324
no_rag,semi_rigid,2,32,20,2,0,1,19,2,True,0.5342419049644143
no_rag,semi_rigid,2,33,20,2,0,4,16,2,True,0.5118400772821107
no_rag,semi_rigid,2,34,20,2,0,0,20,2,True,0.4993290848174346
no_rag,semi_rigid,2,35,20,2,0,0,20,2,True,0.5693937522401418
no_rag,semi_rigid,2,36,20,2,0,0,20,2,True,0.53191503047035
no_rag,semi_rigid,2,37,20,2,0,0,20,2,True,0.6017279633759425
no_rag,semi_rigid,2,38,20,2,0,4,16,2,True,0.4793814578082018
no_rag,semi_rigid,2,39,20,2,0,0,20,2,True,0.5418488402544521
no_rag,semi_rigid,2,40,20,2,0,2,18,2,True,0.4773998777313744
no_rag,semi_rigid,2,41,20,2,0,1,19,2,True,0.5882909397483558
no_rag,semi_rigid,2,42,20,2,0,0,20,2,True,0.6195996889356992
no_rag,semi_rigid,2,43,20,2,0,1,19,2,True,0.5839440039211573
no_rag,semi_rigid,2,44,20,2,0,1,19,2,True,0.5928708584770912
no_rag,semi_rigid,2,45,20,2,0,4,16,2,True,0.45739675379613826
no_rag,semi_rigid,2,46,20,2,0,3,17,2,True,0.49225831441766027
no_rag,semi_rigid,2,47,20,2,0,3,17,2,True,0.48298375472563515
no_rag,semi_rigid,2,48,20,2,0,0,20,2,True,0.6015212080405654
no_rag,semi_rigid,2,49,20,2,0,0,20,2,True,0.5927582117494022
no_rag,semi_rigid,2,50,20,2,0,6,14,2,True,0.34217468640228543
no_rag,semi_rigid,2,51,4,2,0,0,4,2,True,0.4121132272846687
no_guard,flexible,0,0,20,1,2,0,20,1,True,0.7495076854728004
no_guard,flexible,0,1,20,,0,0,20,,False,-0.3900946474590592
no_guard,flexible,0,2,20,18,0,0,20,18,True,-0.24815768402960395
no_guard,flexible,0,3,20,,0,0,20,,False,-0.3898441484732694
no_guard,flexible,0,4,20,20,0,0,20,20,True,-0.33740265041457806
no_guard,flexible,0,5,20,,0,0,20,,False,-0.389673266210105
no_guard,flexible,0,6,20,,0,0,20,,False,-0.38948603910295854
no_guard,flexible,0,7,20,19,0,0,20,19,True,-0.2990603807832777
no_guard,flexible,0,8,20,,0,0,20,,False,-0.38053034901097654
no_guard,flexible,0,9,20,,0,0,20,,False,-0.38997741467714186
no_guard,flexible,0,10,20,20,0,0,20,20,True,-0.3417280664393759
no_guard,flexible,0,11,20,20,0,0,20,20,True,-0.339618647791681
no_guard,flexible,0,12,20,20,0,0,20,20,True,-0.34418799103276937
no_guard,flexible,0,13,20,,0,0,20,,False,-0.388733094832981
no_guard,flexible,0,14,20,19,0,0,20,19,True,-0.2896506524533393
no_guard,flexible,0,15,20,,0,0,20,,False,-0.38975498419283844
no_guard,flexible,0,16,20,,0,0,20,,False,-0.3863486685378436
no_guard,flexible,0,17,20,20,0,0,20,20,True,-0.3438059940106519
no_guard,flexible,0,18,20,19,0,0,20,19,True,-0.29881948498883615
no_guard,flexible,0,19,20,20,0,0,20,20,True,-0.3386819700325654
no_guard,flexible,0,20,20,20,0,0,20,20,True,-0.3442343550794234
no_guard,flexible,0,21,20,,0,0,20,,False,-0.3689940763924232
no_guard,flexible,0,22,20,,0,0,20,,False,-0.38124711885204665
no_guard,flexible,0,23,20,19,0,0,20,19,True,-0.29215894968119327
no_guard,flexible,0,24,20,19,0,0,20,19,True,-0.2906484930415784
no_guard,flexible,0,25,20,,0,0,20,,False,-0.3824417582271308
no_guard,flexible,0,26,20,19,0,0,20,19,True,-0.29725882128363196
no_guard,flexible,0,27,20,2,0,0,20,2,True,0.7497952851428138
no_guard,flexible,0,28,20,20,0,0,20,20,True,-0.3419094181018506
no_guard,flexible,0,29,20,,0,0,20,,False,-0.38179611137670044
no_guard,flexible,0,30,20,19,0,0,20,19,True,-0.30022274140886396
no_guard,flexible,0,31,20,,0,0,20,,False,-0.38379379161757593
no_guard,flexible,0,32,20,20,0,0,20,20,True,-0.34365272780092626
no_guard,flexible,0,33,20,,0,0,20,,False,-0.383516581434428
no_guard,flexible,0,34,20,20,0,0,20,20,True,-0.33634020897550243
no_guard,flexible,0,35,20,,0,0,20,,False,-0.38859819110232113
no_guard,flexible,0,36,20,,0,0,20,,False,-0.38577344089380844
no_guard,flexible,0,37,20,,0,0,20,,False,-0.3917581852871278
no_guard,flexible,0,38,20,,0,0,20,,False,-0.38894488944364247
no_guard,flexible,0,39,20,,0,0,20,,False,-0.3806015008591371
no_guard,flexible,0,40,20,,0,0,20,,False,-0.38428182514028986
no_guard,flexible,0,41,20,20,0,0,20,20,True,-0.3426934405997727
no_guard,flexible,0,42,20,,0,0,20,,False,-0.38953437028869453
no_guard,flexible,0,43,20,19,0,0,20,19,True,-0.2920499086473484
no_guard,flexible,0,44,20,19,0,0,20,19,True,-0.2984947892808708
no_guard,flexible,0,45,20,,0,0,20,,False,-0.3857684328282962
no_guard,flexible,0,46,20,,0,0,20,,False,-0.38309783092285987
no_guard,flexible,0,47,20,19,0,0,20,19,True,-0.2908431070165945
no_guard,flexible,0,48,20,19,0,0,20,19,True,-0.29916275514401675
no_guard,flexible,0,49,20,20,0,0,20,20,True,-0.3380257681717348
no_guard,flexible,0,50,20,,0,0,20,,False,-0.3859127828286444
no_guard,flexible,0,51,4,,0,0,4,,False,-0.2704980295862623
no_guard,flexible,1,0,20,1,8,0,20,1,True,0.5016331726396345
no_guard,flexible,1,1,20,,0,0,20,,False,-0.38490130413337353
no_guard,flexible,1,2,20,19,0,0,20,19,True,-0.2920921666917722
no_guard,flexible,1,3,20,20,0,0,20,20,True,-0.3375208167726827
no_guard,flexible,1,4,20,20,0,0,20,20,True,-0.33606916261749
no_guard,flexible,1,5,20,20,0,0,20,20,True,-0.3367281482341787
no_guard,flexible,1,6,20,18,0,0,20,18,True,-0.25396911363851155
no_guard,flexible,1,7,20,2,0,0,20,2,True,0.7707430554677764
no_guard,flexible,1,8,20,20,0,0,20,20,True,-0.3430749457048745
no_guard,flexible,1,9,20,20,0,0,20,20,True,-0.3410571647750485
no_guard,flexible,1,10,20,18,0,0,20,18,True,-0.2520659943331994
no_guard,flexible,1,11,20,,0,0,20,,False,-0.3848884888010421
no_guard,flexible,1,12,20,,0,0,20,,False,-0.38518488048353544
no_guard,flexible,1,13,20,20,0,0,20,20,True,-0.3447377629113347
no_guard,flexible,1,14,20,,0,0,20,,False,-0.3816582454514458
no_guard,flexible,1,15,20,,0,0,20,,False,-0.3761870889286548
no_guard,flexible,1,16,20,20,0,0,20,20,True,-0.345251252938486
no_guard,flexible,1,17,20,20,0,0,20,20,True,-0.3378391008986042
no_guard,flexible,1,18,20,20,0,0,20,20,True,-0.3386828650417556
no_guard,flexible,1,19,20,,0,0,20,,False,-0.38880441512398267
no_guard,flexible,1,20,20,,0,0,20,,False,-0.3883813904088997
no_guard,flexible,1,21,20,,0,0,20,,False,-0.3899925969241864
no_guard,flexible,1,22,20,20,0,0,20,20,True,-0.34293525575367034
no_guard,flexible,1,23,20,19,0,0,20,19,True,-0.2973753500664672
no_guard,flexible,1,24,20,,0,0,20,,False,-0.38540503230428175
no_guard,flexible,1,25,20,18,0,0,20,18,True,-0.25000899888394573
no_guard,flexible,1,26,20,,0,0,20,,False,-0.3825986006175697
no_guard,flexible,1,27,20,20,0,0,20,20,True,-0.34349788848961216
no_guard,flexible,1,28,20,,0,0,20,,False,-0.3848139629940531
no_guard,flexible,1,29,20,2,0,0,20,2,True,0.7769679191176011
no_guard,flexible,1,30,20,20,0,0,20,20,True,-0.338966293454449
no_guard,flexible,1,31,20,20,0,0,20,20,True,-0.3380085648913995
no_guard,flexible,1,32,20,,0,0,20,,False,-0.38435734380328695
no_guard,flexible,1,33,20,20,0,0,20,20,True,-0.3382312567581319
no_guard,flexible,1,34,20,,0,0,20,,False,-0.38162686398009116
no_guard,flexible,1,35,20,,0,0,20,,False,-0.3836138092644579
no_guard,flexible,1,36,20,19,0,0,20,19,True,-0.2969898454090707
no_guard,flexible,1,37,20,20,0,0,20,20,True,-0.3416119327062672
no_guard,flexible,1,38,20,20,0,0,20,20,True,-0.3374653481127387
no_guard,flexible,1,39,20,20,0,0,20,20,True,-0.3384518158608158
no_guard,flexible,1,40,20,19,0,0,20,19,True,-0.29226161182068805
no_guard,flexible,1,41,20,2,0,0,20,2,True,0.7331818142277624
no_guard,flexible,1,42,20,20,0,0,20,20,True,-0.34240462009796047
no_guard,flexible,1,43,20,20,0,0,20,20,True,-0.32637386884905756
no_guard,flexible,1,44,20,20,0,0,20,20,True,-0.3423866041210689
no_guard,flexible,1,45,20,19,0,0,20,19,True,-0.29932627037997306
no_guard,flexible,1,46,20,,0,0,20,,False,-0.3848073423561631
no_guard,flexible,1,47,20,18,0,0,20,18,True,-0.2524322090874337
no_guard,flexible,1,48,20,20,0,0,20,20,True,-0.33827827652665915
no_guard,flexible,1,49,20,19,0,0,20,19,True,-0.30085508231971014
no_guard,flexible,1,50,20,20,0,0,20,20,True,-0.3361586956006239
no_guard,flexible,1,51,4,,0,0,4,,False,-0.2789542573043369
no_guard,flexible,2,0,20,1,0,0,20,1,True,0.776331262379101
no_guard,flexible,2,1,20,20,0,0,20,20,True,-0.3394876691441989
no_guard,flexible,2,2,20,,0,0,20,,False,-0.38098598934891414
no_guard,flexible,2,3,20,20,0,0,20,20,True,-0.34435375155391224
no_guard,flexible,2,4,20,20,0,0,20,20,True,-0.33719789094677294
no_guard,flexible,2,5,20,20,0,0,20,20,True,-0.34475671049718165
no_guard,flexible,2,6,20,20,0,0,20,20,True,-0.34611030524077935
no_guard,flexible,2,7,20,,0,0,20,,False,-0.38995084352980597
no_guard,flexible,2,8,20,20,0,0,20,20,True,-0.3332905582638753
no_guard,flexible,2,9,20,20,0,0,20,20,True,-0.3379971620067782
no_guard,flexible,2,10,20,,0,0,20,,False,-0.38291698716148004
no_guard,flexible,2,11,20,20,0,0,20,20,True,-0.33837459580823787
no_guard,flexible,2,12,20,20,0,0,20,20,True,-0.3392018157174938
no_guard,flexible,2,13,20,,0,0,20,,False,-0.3847310764170598
no_guard,flexible,2,14,20,,0,0,20,,False,-0.3836621213335518
no_guard,flexible,2,15,20,19,0,0,20,19,True,-0.2987583329066216
no_guard,flexible,2,16,20,19,0,0,20,19,True,-0.2935915723973922
no_guard,flexible,2,17,20,,0,0,20,,False,-0.38383396142812404
no_guard,flexible,2,18,20,19,0,0,20,19,True,-0.296610673061597
no_guard,flexible,2,19,20,20,0,0,20,20,True,-0.34394758408041054
no_guard,flexible,2,20,20,20,0,0,20,20,True,-0.33705155434981454
no_guard,flexible,2,21,20,,0,0,20,,False,-0.3845180548535071
no_guard,flexible,2,22,20,20,0,0,20,20,True,-0.33684063529915426
no_guard,flexible,2,23,20,20,0,0,20,20,True,-0.3436368891393412
no_guard,flexible,2,24,20,20,0,0,20,20,True,-0.3381886590123977
no_guard,flexible,2,25,20,19,0,0,20,19,True,-0.29334695751488643
no_guard,flexible,2,26,20,20,0,0,20,20,True,-0.33052351243316813
no_guard,flexible,2,27,20,20,0,0,20,20,True,-0.33550596876259187
no_guard,flexible,2,28,20,,0,0,20,,False,-0.3920560125231816
no_guard,flexible,2,29,20,,0,0,20,,False,-0.39044768758581067
no_guard,flexible,2,30,20,,0,0,20,,False,-0.3846916051007773
no_guard,flexible,2,31,20,19,0,0,20,19,True,-0.29100818932105244
no_guard,flexible,2,32,20,,0,0,20,,False,-0.3863442889638724
no_guard,flexible,2,33,20,20,0,0,20,20,True,-0.3357248104849104
no_guard,flexible,2,34,20,19,0,0,20,19,True,-0.30038935170644365
no_guard,flexible,2,35,20,20,0,0,20,20,True,-0.34402459468610613
no_guard,flexible,2,36,20,20,0,0,20,20,True,-0.3383980166389274
no_guard,flexible,2,37,20,,0,0,20,,False,-0.38011867487047024
no_guard,flexible,2,38,20,20,0,0,20,20,True,-0.3352037112234741
no_guard,flexible,2,39,20,19,0,0,20,19,True,-0.29772923598253714
no_guard,flexible,2,40,20,20,0,0,20,20,True,-0.3381855897174959
no_guard,flexible,2,41,20,19,0,0,20,19,True,-0.29320197089687355
no_guard,flexible,2,42,20,20,0,0,20,20,True,-0.3349401469327311
no_guard,flexible,2,43,20,20,0,0,20,20,True,-0.33777268992634657
no_guard,flexible,2,44,20,20,0,0,20,20,True,-0.34021870026805967
no_guard,flexible,2,45,20,19,0,0,20,19,True,-0.2984986634613675
no_guard,flexible,2,46,20,20,0,0,20,20,True,-0.3380572395616494
no_guard,flexible,2,47,20,19,0,0,20,19,True,-0.2963078557016117
no_guard,flexible,2,48,20,20,0,0,20,20,True,-0.34493109223986385
no_guard,flexible,2,49,20,19,0,0,20,19,True,-0.2962744220420298
no_guard,flexible,2,50,20,19,0,0,20,19,True,-0.30105021633723694
no_guard,flexible,2,51,4,,0,0,4,,False,-0.2903955571516488
no_guard,semi_rigid,0,0,20,1,0,0,20,1,True,0.5784650044137839
no_guard,semi_rigid,0,1,20,2,0,0,20,2,True,0.4541314759077622
no_guard,semi_rigid,0,2,20,2,0,0,20,2,True,0.4520936573132019
no_guard,semi_rigid,0,3,20,2,0,0,20,2,True,0.48317123316625554
no_guard,semi_rigid,0,4,20,2,0,0,20,2,True,0.46440941251286827
no_guard,semi_rigid,0,5,20,2,0,0,20,2,True,0.4610279004378291
no_guard,semi_rigid,0,6,20,2,0,0,20,2,True,0.4800775350009528
no_guard,semi_rigid,0,7,20,2,0,0,20,2,True,0.5019549366920527
no_guard,semi_rigid,0,8,20,2,0,0,20,2,True,0.5059300859326787
no_guard,semi_rigid,0,9,20,2,0,0,20,2,True,0.515657949810955
no_guard,semi_rigid,0,10,20,2,0,0,20,2,True,0.48723415977992024
no_guard,semi_rigid,0,11,20,2,0,0,20,2,True,0.48164780894752396
no_guard,semi_rigid,0,12,20,2,0,0,20,2,True,0.46148684561814307
no_guard,semi_rigid,0,13,20,2,0,0,20,2,True,0.4552393086341052
no_guard,semi_rigid,0,14,20,2,0,0,20,2,True,0.5306885514582006
no_guard,semi_rigid,0,15,20,2,0,0,20,2,True,0.47187052479982816
no_guard,semi_rigid,0,16,20,2,0,0,20,2,True,0.47864720065972766
no_guard,semi_rigid,0,17,20,2,0,0,20,2,True,0.5499042228465798
no_guard,semi_rigid,0,18,20,2,0,0,20,2,True,0.4861308685910239
no_guard,semi_rigid,0,19,20,2,0,0,20,2,True,0.530287375287721
no_guard,semi_rigid,0,20,20,2,0,0,20,2,True,0.4961837993891973
no_guard,semi_rigid,0,21,20,2,0,0,20,2,True,0.6148288390460777
no_guard,semi_rigid,0,22,20,2,0,0,20,2,True,0.49464875641688416
no_guard,semi_rigid,0,23,20,2,0,0,20,2,True,0.505677981576092
no_guard,semi_rigid,0,24,20,2,0,0,20,2,True,0.4818725635419689
no_guard,semi_rigid,0,25,20,2,0,0,20,2,True,0.46100843784710566
no_guard,semi_rigid,0,26,20,2,0,0,20,2,True,0.4642982700842587
no_guard,semi_rigid,0,27,20,2,0,0,20,2,True,0.49319819947661314
no_guard,semi_rigid,0,28,20,2,0,0,20,2,True,0.5582729586103176
no_guard,semi_rigid,0,29,20,2,0,0,20,2,True,0.4758256323015294
no_guard,semi_rigid,0,30,20,2,0,0,20,2,True,0.44726261875546786
no_guard,semi_rigid,0,31,20,2,0,0,20,2,True,0.4600507926057585
no_guard,semi_rigid,0,32,20,2,0,0,20,2,True,0.4535349828682477
no_guard,semi_rigid,0,33,20,2,0,0,20,2,True,0.46488771096945936
no_guard,semi_rigid,0,34,20,2,0,0,20,2,True,0.5107158772575711
no_guard,semi_rigid,0,35,20,2,0,0,20,2,True,0.4656559593888579
no_guard,semi_rigid,0,36,20,2,0,0,20,2,True,0.49813875122337176
no_guard,semi_rigid,0,37,20,2,0,0,20,2,True,0.4625674465577593
no_guard,semi_rigid,0,38,20,2,0,0,20,2,True,0.4546734063569371
no_guard,semi_rigid,0,39,20,2,0,0,20,2,True,0.45400315168893873
no_guard,semi_rigid,0,40,20,2,0,0,20,2,True,0.5356144028700587
no_guard,semi_rigid,0,41,20,2,0,0,20,2,True,0.47944655467686914
no_guard,semi_rigid,0,42,20,2,0,0,20,2,True,0.4636667211528061
no_guard,semi_rigid,0,43,20,2,0,0,20,2,True,0.4690096996654022
no_guard,semi_rigid,0,44,20,2,0,0,20,2,True,0.47159150731671823
no_guard,semi_rigid,0,45,20,2,0,0,20,2,True,0.5261518048363197
no_guard,semi_rigid,0,46,20,2,0,0,20,2,True,0.4781462592432291
no_guard,semi_rigid,0,47,20,2,0,0,20,2,True,0.4972765539595678
no_guard,semi_rigid,0,48,20,2,0,0,20,2,True,0.4731134493560395
no_guard,semi_rigid,0,49,20,2,0,0,20,2,True,0.4706658700298204
no_guard,semi_rigid,0,50,20,2,0,0,20,2,True,0.4869859981803681
no_guard,semi_rigid,0,51,4,2,0,0,4,2,True,0.3528631779600291
no_guard,semi_rigid,1,0,20,1,0,0,20,1,True,0.6019218360464418
no_guard,semi_rigid,1,1,20,2,0,0,20,2,True,0.5000458071187185
no_guard,semi_rigid,1,2,20,2,0,0,20,2,True,0.4646695545523535
no_guard,semi_rigid,1,3,20,2,0,0,20,2,True,0.5641014187881729
no_guard,semi_rigid,1,4,20,2,0,0,20,2,True,0.5246652965449141
no_guard,semi_rigid,1,5,20,2,0,0,20,2,True,0.5102677277867804
no_guard,semi_rigid,1,6,20,2,0,0,20,2,True,0.45507921677225155
no_guard,semi_rigid,1,7,20,2,0,0,20,2,True,0.5792440871661635
no_guard,semi_rigid,1,8,20,2,0,0,20,2,True,0.5328698373127658
no_guard,semi_rigid,1,9,20,2,0,0,20,2,True,0.5100977174220731
no_guard,semi_rigid,1,10,20,2,0,0,20,2,True,0.4971133974332876
no_guard,semi_rigid,1,11,20,2,0,0,20,2,True,0.5292595582339488
no_guard,semi_rigid,1,12,20,2,0,0,20,2,True,0.5317657510235051
no_guard,semi_rigid,1,13,20,2,0,0,20,2,True,0.5206135933474232
no_guard,semi_rigid,1,14,20,2,0,0,20,2,True,0.5982252733821356
no_guard,semi_rigid,1,15,20,2,0,0,20,2,True,0.5986356532578494
no_guard,semi_rigid,1,16,20,2,0,0,20,2,True,0.5096978376090955
no_guard,semi_rigid,1,17,20,2,0,0,20,2,True,0.46782888101727976
no_guard,semi_rigid,1,18,20,2,0,0,20,2,True,0.5906921982875292
no_guard,semi_rigid,1,19,20,2,0,0,20,2,True,0.547626451449315
no_guard,semi_rigid,1,20,20,2,0,0,20,2,True,0.5209638311375855
no_guard,semi_rigid,1,21,20,2,0,0,20,2,True,0.5314002784373772
no_guard,semi_rigid,1,22,20,2,0,0,20,2,True,0.43854564849233924
no_guard,semi_rigid,1,23,20,2,0,0,20,2,True,0.4556524150019013
no_guard,semi_rigid,1,24,20,2,0,0,20,2,True,0.5479266351708603
no_guard,semi_rigid,1,25,20,2,0,0,20,2,True,0.47426800789569856
no_guard,semi_rigid,1,26,20,2,0,0,20,2,True,0.4607236207254747
no_guard,semi_rigid,1,27,20,2,0,0,20,2,True,0.5331509814509907
no_guard,semi_rigid,1,28,20,2,0,0,20,2,True,0.512427926542184
no_guard,semi_rigid,1,29,20,2,0,0,20,2,True,0.5443493715988059
no_guard,semi_rigid,1,30,20,2,0,0,20,2,True,0.518465387467008
no_guard,semi_rigid,1,31,20,2,0,0,20,2,True,0.46897770948714584
no_guard,semi_rigid,1,32,20,2,0,0,20,2,True,0.51126914419842
no_guard,semi_rigid,1,33,20,2,0,0,20,2,True,0.5565872194839162
no_guard,semi_rigid,1,34,20,2,0,0,20,2,True,0.5265479416483106
no_guard,semi_rigid,1,35,20,2,0,0,20,2,True,0.6348155898553441
no_guard,semi_rigid,1,36,20,2,0,0,20,2,True,0.511937221278107
no_guard,semi_rigid,1,37,20,2,0,0,20,2,True,0.4515921834905524
no_guard,semi_rigid,1,38,20,2,0,0,20,2,True,0.5599647936687888
no_guard,semi_rigid,1,39,20,2,0,0,20,2,True,0.462390237363839
no_guard,semi_rigid,1,40,20,2,0,0,20,2,True,0.5149031275190236
no_guard,semi_rigid,1,41,20,2,0,0,20,2,True,0.45915736792611267
no_guard,semi_rigid,1,42,20,2,0,0,20,2,True,0.5004913707587207
no_guard,semi_rigid,1,43,20,2,0,0,20,2,True,0.6367619569885191
no_guard,semi_rigid,1,44,20,2,0,0,20,2,True,0.482555017987128
no_guard,semi_rigid,1,45,20,2,0,0,20,2,True,0.4579361163822888
no_guard,semi_rigid,1,46,20,2,0,0,20,2,True,0.5916944494348624
no_guard,semi_rigid,1,47,20,2,0,0,20,2,True,0.4928873729167197
no_guard,semi_rigid,1,48,20,2,0,0,20,2,True,0.49933418928768625
no_guard,semi_rigid,1,49,20,2,0,0,20,2,True,0.4274410350135045
no_guard,semi_rigid,1,50,20,2,0,0,20,2,True,0.5732590285492838
no_guard,semi_rigid,1,51,4,2,0,0,4,2,True,0.3676930963016642
no_guard,semi_rigid,2,0,20,1,0,0,20,1,True,0.5507114151357336
no_guard,semi_rigid,2,1,20,2,0,0,20,2,True,0.5073481498006285
no_guard,semi_rigid,2,2,20,2,0,0,20,2,True,0.5107431965735187
no_guard,semi_rigid,2,3,20,2,0,0,20,2,True,0.48290367257410916
no_guard,semi_rigid,2,4,20,2,0,0,20,2,True,0.5104766885743574
no_guard,semi_rigid,2,5,20,2,0,0,20,2,True,0.47881129112524884
no_guard,semi_rigid,2,6,20,2,0,0,20,2,True,0.4319049869791313
no_guard,semi_rigid,2,7,20,2,0,0,20,2,True,0.5108831050208814
no_guard,semi_rigid,2,8,20,2,0,0,20,2,True,0.5199100945579159
no_guard,semi_rigid,2,9,20,2,0,0,20,2,True,0.47906058536234963
no_guard,semi_rigid,2,10,20,2,0,0,20,2,True,0.525234340201445
no_guard,semi_rigid,2,11,20,2,0,0,20,2,True,0.5128283086858116
no_guard,semi_rigid,2,12,20,2,0,0,20,2,True,0.47478284957619776
no_guard,semi_rigid,2,13,20,2,0,0,20,2,True,0.4673741932758536
no_guard,semi_rigid,2,14,20,2,0,0,20,2,True,0.5097193020626596
no_guard,semi_rigid,2,15,20,2,0,0,20,2,True,0.459507060831296
no_guard,semi_rigid,2,16,20,2,0,0,20,2,True,0.5119951532204419
no_guard,semi_rigid,2,17,20,2,0,0,20,2,True,0.4782545406071164
no_guard,semi_rigid,2,18,20,2,0,0,20,2,True,0.4599734744894522
no_guard,semi_rigid,2,19,20,2,0,0,20,2,True,0.5001911332679748
no_guard,semi_rigid,2,20,20,2,0,0,20,2,True,0.49319159352916947
no_guard,semi_rigid,2,21,20,2,0,0,20,2,True,0.5063924317397892
no_guard,semi_rigid,2,22,20,2,0,0,20,2,True,0.510382539988778
no_guard,semi_rigid,2,23,20,2,0,0,20,2,True,0.5042413045955826
no_guard,semi_rigid,2,24,20,2,0,0,20,2,True,0.46398279378301943
no_guard,semi_rigid,2,25,20,2,0,0,20,2,True,0.5139409094133606
no_guard,semi_rigid,2,26,20,2,0,0,20,2,True,0.5886615501142544
no_guard,semi_rigid,2,27,20,2,0,0,20,2,True,0.45885584530677975
no_guard,semi_rigid,2,28,20,2,0,0,20,2,True,0.47146714670333506
no_guard,semi_rigid,2,29,20,2,0,0,20,2,True,0.45309642774517134
no_guard,semi_rigid,2,30,20,2,0,0,20,2,True,0.5244959715540338
no_guard,semi_rigid,2,31,20,2,0,0,20,2,True,0.524671735660754
no_guard,semi_rigid,2,32,20,2,0,0,20,2,True,0.48456843112437087
no_guard,semi_rigid,2,33,20,2,0,0,20,2,True,0.5368627447031522
no_guard,semi_rigid,2,34,20,2,0,0,20,2,True,0.4568378171691787
no_guard,semi_rigid,2,35,20,2,0,0,20,2,True,0.48409922606641365
no_guard,semi_rigid,2,36,20,2,0,0,20,2,True,0.4997201277986232
no_guard,semi_rigid,2,37,20,2,0,0,20,2,True,0.5262626586894966
no_guard,semi_rigid,2,38,20,2,0,0,20,2,True,0.5283795577583584
no_guard,semi_rigid,2,39,20,2,0,0,20,2,True,0.4722917372910162
no_guard,semi_rigid,2,40,20,2,0,0,20,2,True,0.48450991913866365
no_guard,semi_rigid,2,41,20,2,0,0,20,2,True,0.6474308677728957
no_guard,semi_rigid,2,42,20,2,0,0,20,2,True,0.6110382597685644
no_guard,semi_rigid,2,43,20,2,0,0,20,2,True,0.6259121572429481
no_guard,semi_rigid,2,44,20,2,0,0,20,2,True,0.632798872902574
no_guard,semi_rigid,2,45,20,2,0,0,20,2,True,0.5451192443161484
no_guard,semi_rigid,2,46,20,2,0,0,20,2,True,0.6004047402962881
no_guard,semi_rigid,2,47,20,2,0,0,20,2,True,0.5723879167824149
no_guard,semi_rigid,2,48,20,2,0,0,20,2,True,0.5813020896535852
no_guard,semi_rigid,2,49,20,2,0,0,20,2,True,0.5658611495517192
no_guard,semi_rigid,2,50,20,2,0,0,20,2,True,0.4901677308900584
no_guard,semi_rigid,2,51,4,2,0,0,4,2,True,0.42571348491793715
